WARNING: sonic/ast only supports (go1.17~1.26 and amd64 CPU) or (go1.20~1.26 and arm64 CPU), but your environment is not suitable and will fallback to encoding/json
2026-09-12T12:18:38.304+08:00 [INFO] [Rule] 已加载 100 条术语规则
2026-09-12T12:18:38.519+08:00 [INFO] [Rerank] client initialized | model=qwen3-rerank | baseURL=https://dashscope.aliyuncs.com/compatible-api/v1
2026-09-12T12:18:38.520+08:00 [INFO] [knowledge] Worker Pool 已启动，workers=3，队列容量=1000
2026-09-12T12:18:38.537+08:00 [INFO] pid[90811]: http server started listening on [127.0.0.1:8001]
2026-09-12T12:18:38.537+08:00 [INFO] swagger ui is serving at address: http://127.0.0.1:8001/swagger/
2026-09-12T12:18:38.537+08:00 [INFO] openapi specification is serving at address: http://127.0.0.1:8001/api.json

-----------------|--------|------------------------------------------------------|-------------------------------------------------------------------------------|---------------------------------------
|    ADDRESS     | METHOD |                        ROUTE                         |                                    HANDLER                                    |              MIDDLEWARE              |
-----------------|--------|------------------------------------------------------|-------------------------------------------------------------------------------|---------------------------------------
| 127.0.0.1:8001 | ALL    | /api.json                                            | github.com/gogf/gf/v2/net/ghttp.(*Server).openapiSpec                         |                                      |
-----------------|--------|------------------------------------------------------|-------------------------------------------------------------------------------|---------------------------------------
| 127.0.0.1:8001 | POST   | /api/auth/v1/login                                   | SentinelOps/internal/controller/auth.(*ControllerV1).Login                    | middleware.CORSMiddleware            |
|                |        |                                                      |                                                                               | middleware.ResponseMiddleware        |
|                |        |                                                      |                                                                               | middleware.jwtMiddleware.1           |
|                |        |                                                      |                                                                               | middleware.AuthorizationMiddleware.1 |
|                |        |                                                      |                                                                               | middleware.RateLimitMiddleware       |
-----------------|--------|------------------------------------------------------|-------------------------------------------------------------------------------|---------------------------------------
| 127.0.0.1:8001 | POST   | /api/auth/v1/register                                | SentinelOps/internal/controller/auth.(*ControllerV1).Register                 | middleware.CORSMiddleware            |
|                |        |                                                      |                                                                               | middleware.ResponseMiddleware        |
|                |        |                                                      |                                                                               | middleware.jwtMiddleware.1           |
|                |        |                                                      |                                                                               | middleware.AuthorizationMiddleware.1 |
|                |        |                                                      |                                                                               | middleware.RateLimitMiddleware       |
-----------------|--------|------------------------------------------------------|-------------------------------------------------------------------------------|---------------------------------------
| 127.0.0.1:8001 | POST   | /api/chat/v1/chat                                    | SentinelOps/internal/controller/chat.(*ControllerV1).Chat                     | middleware.CORSMiddleware            |
|                |        |                                                      |                                                                               | middleware.ResponseMiddleware        |
|                |        |                                                      |                                                                               | middleware.jwtMiddleware.1           |
|                |        |                                                      |                                                                               | middleware.AuthorizationMiddleware.1 |
|                |        |                                                      |                                                                               | middleware.RateLimitMiddleware       |
-----------------|--------|------------------------------------------------------|-------------------------------------------------------------------------------|---------------------------------------
| 127.0.0.1:8001 | POST   | /api/chat/v1/rollback                                | SentinelOps/internal/controller/chat.(*ControllerV1).Rollback                 | middleware.CORSMiddleware            |
|                |        |                                                      |                                                                               | middleware.ResponseMiddleware        |
|                |        |                                                      |                                                                               | middleware.jwtMiddleware.1           |
|                |        |                                                      |                                                                               | middleware.AuthorizationMiddleware.1 |
|                |        |                                                      |                                                                               | middleware.RateLimitMiddleware       |
-----------------|--------|------------------------------------------------------|-------------------------------------------------------------------------------|---------------------------------------
| 127.0.0.1:8001 | POST   | /api/chat/v2/runs                                    | SentinelOps/internal/controller/chat.(*ControllerV2).CreateRun                | middleware.CORSMiddleware            |
|                |        |                                                      |                                                                               | middleware.ResponseMiddleware        |
|                |        |                                                      |                                                                               | middleware.jwtMiddleware.1           |
|                |        |                                                      |                                                                               | middleware.AuthorizationMiddleware.1 |
|                |        |                                                      |                                                                               | middleware.RateLimitMiddleware       |
-----------------|--------|------------------------------------------------------|-------------------------------------------------------------------------------|---------------------------------------
| 127.0.0.1:8001 | GET    | /api/chat/v2/runs/{run_id}/events                    | SentinelOps/internal/controller/chat.(*ControllerV2).RunEvents                | middleware.CORSMiddleware            |
|                |        |                                                      |                                                                               | middleware.ResponseMiddleware        |
|                |        |                                                      |                                                                               | middleware.jwtMiddleware.1           |
|                |        |                                                      |                                                                               | middleware.AuthorizationMiddleware.1 |
|                |        |                                                      |                                                                               | middleware.RateLimitMiddleware       |
-----------------|--------|------------------------------------------------------|-------------------------------------------------------------------------------|---------------------------------------
| 127.0.0.1:8001 | POST   | /api/event/v1/analyze/stream                         | SentinelOps/internal/controller/event.(*ControllerV1).AnalyzeSingleStream     | middleware.CORSMiddleware            |
|                |        |                                                      |                                                                               | middleware.ResponseMiddleware        |
|                |        |                                                      |                                                                               | middleware.jwtMiddleware.1           |
|                |        |                                                      |                                                                               | middleware.AuthorizationMiddleware.1 |
|                |        |                                                      |                                                                               | middleware.RateLimitMiddleware       |
-----------------|--------|------------------------------------------------------|-------------------------------------------------------------------------------|---------------------------------------
| 127.0.0.1:8001 | POST   | /api/event/v1/batch_delete                           | SentinelOps/internal/controller/event.(*ControllerV1).BatchDelete             | middleware.CORSMiddleware            |
|                |        |                                                      |                                                                               | middleware.ResponseMiddleware        |
|                |        |                                                      |                                                                               | middleware.jwtMiddleware.1           |
|                |        |                                                      |                                                                               | middleware.AuthorizationMiddleware.1 |
|                |        |                                                      |                                                                               | middleware.RateLimitMiddleware       |
-----------------|--------|------------------------------------------------------|-------------------------------------------------------------------------------|---------------------------------------
| 127.0.0.1:8001 | POST   | /api/event/v1/batch_update_status                    | SentinelOps/internal/controller/event.(*ControllerV1).BatchUpdateStatus       | middleware.CORSMiddleware            |
|                |        |                                                      |                                                                               | middleware.ResponseMiddleware        |
|                |        |                                                      |                                                                               | middleware.jwtMiddleware.1           |
|                |        |                                                      |                                                                               | middleware.AuthorizationMiddleware.1 |
|                |        |                                                      |                                                                               | middleware.RateLimitMiddleware       |
-----------------|--------|------------------------------------------------------|-------------------------------------------------------------------------------|---------------------------------------
| 127.0.0.1:8001 | POST   | /api/event/v1/create                                 | SentinelOps/internal/controller/event.(*ControllerV1).Create                  | middleware.CORSMiddleware            |
|                |        |                                                      |                                                                               | middleware.ResponseMiddleware        |
|                |        |                                                      |                                                                               | middleware.jwtMiddleware.1           |
|                |        |                                                      |                                                                               | middleware.AuthorizationMiddleware.1 |
|                |        |                                                      |                                                                               | middleware.RateLimitMiddleware       |
-----------------|--------|------------------------------------------------------|-------------------------------------------------------------------------------|---------------------------------------
| 127.0.0.1:8001 | POST   | /api/event/v1/delete                                 | SentinelOps/internal/controller/event.(*ControllerV1).Delete                  | middleware.CORSMiddleware            |
|                |        |                                                      |                                                                               | middleware.ResponseMiddleware        |
|                |        |                                                      |                                                                               | middleware.jwtMiddleware.1           |
|                |        |                                                      |                                                                               | middleware.AuthorizationMiddleware.1 |
|                |        |                                                      |                                                                               | middleware.RateLimitMiddleware       |
-----------------|--------|------------------------------------------------------|-------------------------------------------------------------------------------|---------------------------------------
| 127.0.0.1:8001 | GET    | /api/event/v1/list                                   | SentinelOps/internal/controller/event.(*ControllerV1).List                    | middleware.CORSMiddleware            |
|                |        |                                                      |                                                                               | middleware.ResponseMiddleware        |
|                |        |                                                      |                                                                               | middleware.jwtMiddleware.1           |
|                |        |                                                      |                                                                               | middleware.AuthorizationMiddleware.1 |
|                |        |                                                      |                                                                               | middleware.RateLimitMiddleware       |
-----------------|--------|------------------------------------------------------|-------------------------------------------------------------------------------|---------------------------------------
| 127.0.0.1:8001 | POST   | /api/event/v1/pipeline/stream                        | SentinelOps/internal/controller/event.(*ControllerV1).PipelineStream          | middleware.CORSMiddleware            |
|                |        |                                                      |                                                                               | middleware.ResponseMiddleware        |
|                |        |                                                      |                                                                               | middleware.jwtMiddleware.1           |
|                |        |                                                      |                                                                               | middleware.AuthorizationMiddleware.1 |
|                |        |                                                      |                                                                               | middleware.RateLimitMiddleware       |
-----------------|--------|------------------------------------------------------|-------------------------------------------------------------------------------|---------------------------------------
| 127.0.0.1:8001 | GET    | /api/event/v1/stats                                  | SentinelOps/internal/controller/event.(*ControllerV1).Stats                   | middleware.CORSMiddleware            |
|                |        |                                                      |                                                                               | middleware.ResponseMiddleware        |
|                |        |                                                      |                                                                               | middleware.jwtMiddleware.1           |
|                |        |                                                      |                                                                               | middleware.AuthorizationMiddleware.1 |
|                |        |                                                      |                                                                               | middleware.RateLimitMiddleware       |
-----------------|--------|------------------------------------------------------|-------------------------------------------------------------------------------|---------------------------------------
| 127.0.0.1:8001 | GET    | /api/event/v1/trend                                  | SentinelOps/internal/controller/event.(*ControllerV1).Trend                   | middleware.CORSMiddleware            |
|                |        |                                                      |                                                                               | middleware.ResponseMiddleware        |
|                |        |                                                      |                                                                               | middleware.jwtMiddleware.1           |
|                |        |                                                      |                                                                               | middleware.AuthorizationMiddleware.1 |
|                |        |                                                      |                                                                               | middleware.RateLimitMiddleware       |
-----------------|--------|------------------------------------------------------|-------------------------------------------------------------------------------|---------------------------------------
| 127.0.0.1:8001 | POST   | /api/event/v1/update_status                          | SentinelOps/internal/controller/event.(*ControllerV1).UpdateStatus            | middleware.CORSMiddleware            |
|                |        |                                                      |                                                                               | middleware.ResponseMiddleware        |
|                |        |                                                      |                                                                               | middleware.jwtMiddleware.1           |
|                |        |                                                      |                                                                               | middleware.AuthorizationMiddleware.1 |
|                |        |                                                      |                                                                               | middleware.RateLimitMiddleware       |
-----------------|--------|------------------------------------------------------|-------------------------------------------------------------------------------|---------------------------------------
| 127.0.0.1:8001 | POST   | /api/ingest/v1/cef                                   | SentinelOps/internal/controller/ingest.(*ingestctrl.ControllerV1).CEF         | middleware.CORSMiddleware            |
|                |        |                                                      |                                                                               | middleware.ResponseMiddleware        |
|                |        |                                                      |                                                                               | middleware.authDisabledWriteGuard.1  |
|                |        |                                                      |                                                                               | middleware.IngestAPIKeyMiddleware.1  |
-----------------|--------|------------------------------------------------------|-------------------------------------------------------------------------------|---------------------------------------
| 127.0.0.1:8001 | POST   | /api/ingest/v1/leef                                  | SentinelOps/internal/controller/ingest.(*ingestctrl.ControllerV1).LEEF        | middleware.CORSMiddleware            |
|                |        |                                                      |                                                                               | middleware.ResponseMiddleware        |
|                |        |                                                      |                                                                               | middleware.authDisabledWriteGuard.1  |
|                |        |                                                      |                                                                               | middleware.IngestAPIKeyMiddleware.1  |
-----------------|--------|------------------------------------------------------|-------------------------------------------------------------------------------|---------------------------------------
| 127.0.0.1:8001 | POST   | /api/ingest/v1/push                                  | SentinelOps/internal/controller/ingest.(*ingestctrl.ControllerV1).AlertPush   | middleware.CORSMiddleware            |
|                |        |                                                      |                                                                               | middleware.ResponseMiddleware        |
|                |        |                                                      |                                                                               | middleware.authDisabledWriteGuard.1  |
|                |        |                                                      |                                                                               | middleware.IngestAPIKeyMiddleware.1  |
-----------------|--------|------------------------------------------------------|-------------------------------------------------------------------------------|---------------------------------------
| 127.0.0.1:8001 | POST   | /api/ingest/v1/webhook                               | SentinelOps/internal/controller/ingest.(*ingestctrl.ControllerV1).Webhook     | middleware.CORSMiddleware            |
|                |        |                                                      |                                                                               | middleware.ResponseMiddleware        |
|                |        |                                                      |                                                                               | middleware.authDisabledWriteGuard.1  |
|                |        |                                                      |                                                                               | middleware.IngestAPIKeyMiddleware.1  |
-----------------|--------|------------------------------------------------------|-------------------------------------------------------------------------------|---------------------------------------
| 127.0.0.1:8001 | POST   | /api/knowledge/v1/bases/create                       | SentinelOps/internal/controller/knowledge.(*controllerV1).BaseCreate          | middleware.CORSMiddleware            |
|                |        |                                                      |                                                                               | middleware.ResponseMiddleware        |
|                |        |                                                      |                                                                               | middleware.jwtMiddleware.1           |
|                |        |                                                      |                                                                               | middleware.AuthorizationMiddleware.1 |
|                |        |                                                      |                                                                               | middleware.RateLimitMiddleware       |
-----------------|--------|------------------------------------------------------|-------------------------------------------------------------------------------|---------------------------------------
| 127.0.0.1:8001 | POST   | /api/knowledge/v1/bases/delete                       | SentinelOps/internal/controller/knowledge.(*controllerV1).BaseDelete          | middleware.CORSMiddleware            |
|                |        |                                                      |                                                                               | middleware.ResponseMiddleware        |
|                |        |                                                      |                                                                               | middleware.jwtMiddleware.1           |
|                |        |                                                      |                                                                               | middleware.AuthorizationMiddleware.1 |
|                |        |                                                      |                                                                               | middleware.RateLimitMiddleware       |
-----------------|--------|------------------------------------------------------|-------------------------------------------------------------------------------|---------------------------------------
| 127.0.0.1:8001 | GET    | /api/knowledge/v1/bases/detail                       | SentinelOps/internal/controller/knowledge.(*controllerV1).BaseDetail          | middleware.CORSMiddleware            |
|                |        |                                                      |                                                                               | middleware.ResponseMiddleware        |
|                |        |                                                      |                                                                               | middleware.jwtMiddleware.1           |
|                |        |                                                      |                                                                               | middleware.AuthorizationMiddleware.1 |
|                |        |                                                      |                                                                               | middleware.RateLimitMiddleware       |
-----------------|--------|------------------------------------------------------|-------------------------------------------------------------------------------|---------------------------------------
| 127.0.0.1:8001 | GET    | /api/knowledge/v1/bases/list                         | SentinelOps/internal/controller/knowledge.(*controllerV1).BaseList            | middleware.CORSMiddleware            |
|                |        |                                                      |                                                                               | middleware.ResponseMiddleware        |
|                |        |                                                      |                                                                               | middleware.jwtMiddleware.1           |
|                |        |                                                      |                                                                               | middleware.AuthorizationMiddleware.1 |
|                |        |                                                      |                                                                               | middleware.RateLimitMiddleware       |
-----------------|--------|------------------------------------------------------|-------------------------------------------------------------------------------|---------------------------------------
| 127.0.0.1:8001 | POST   | /api/knowledge/v1/chunks/enable                      | SentinelOps/internal/controller/knowledge.(*controllerV1).ChunkEnable         | middleware.CORSMiddleware            |
|                |        |                                                      |                                                                               | middleware.ResponseMiddleware        |
|                |        |                                                      |                                                                               | middleware.jwtMiddleware.1           |
|                |        |                                                      |                                                                               | middleware.AuthorizationMiddleware.1 |
|                |        |                                                      |                                                                               | middleware.RateLimitMiddleware       |
-----------------|--------|------------------------------------------------------|-------------------------------------------------------------------------------|---------------------------------------
| 127.0.0.1:8001 | GET    | /api/knowledge/v1/chunks/list                        | SentinelOps/internal/controller/knowledge.(*controllerV1).ChunkList           | middleware.CORSMiddleware            |
|                |        |                                                      |                                                                               | middleware.ResponseMiddleware        |
|                |        |                                                      |                                                                               | middleware.jwtMiddleware.1           |
|                |        |                                                      |                                                                               | middleware.AuthorizationMiddleware.1 |
|                |        |                                                      |                                                                               | middleware.RateLimitMiddleware       |
-----------------|--------|------------------------------------------------------|-------------------------------------------------------------------------------|---------------------------------------
| 127.0.0.1:8001 | POST   | /api/knowledge/v1/docs/batch_delete                  | SentinelOps/internal/controller/knowledge.(*controllerV1).DocBatchDelete      | middleware.CORSMiddleware            |
|                |        |                                                      |                                                                               | middleware.ResponseMiddleware        |
|                |        |                                                      |                                                                               | middleware.jwtMiddleware.1           |
|                |        |                                                      |                                                                               | middleware.AuthorizationMiddleware.1 |
|                |        |                                                      |                                                                               | middleware.RateLimitMiddleware       |
-----------------|--------|------------------------------------------------------|-------------------------------------------------------------------------------|---------------------------------------
| 127.0.0.1:8001 | POST   | /api/knowledge/v1/docs/batch_rebuild                 | SentinelOps/internal/controller/knowledge.(*controllerV1).DocBatchRebuild     | middleware.CORSMiddleware            |
|                |        |                                                      |                                                                               | middleware.ResponseMiddleware        |
|                |        |                                                      |                                                                               | middleware.jwtMiddleware.1           |
|                |        |                                                      |                                                                               | middleware.AuthorizationMiddleware.1 |
|                |        |                                                      |                                                                               | middleware.RateLimitMiddleware       |
-----------------|--------|------------------------------------------------------|-------------------------------------------------------------------------------|---------------------------------------
| 127.0.0.1:8001 | POST   | /api/knowledge/v1/docs/delete                        | SentinelOps/internal/controller/knowledge.(*controllerV1).DocDelete           | middleware.CORSMiddleware            |
|                |        |                                                      |                                                                               | middleware.ResponseMiddleware        |
|                |        |                                                      |                                                                               | middleware.jwtMiddleware.1           |
|                |        |                                                      |                                                                               | middleware.AuthorizationMiddleware.1 |
|                |        |                                                      |                                                                               | middleware.RateLimitMiddleware       |
-----------------|--------|------------------------------------------------------|-------------------------------------------------------------------------------|---------------------------------------
| 127.0.0.1:8001 | GET    | /api/knowledge/v1/docs/detail                        | SentinelOps/internal/controller/knowledge.(*controllerV1).DocDetail           | middleware.CORSMiddleware            |
|                |        |                                                      |                                                                               | middleware.ResponseMiddleware        |
|                |        |                                                      |                                                                               | middleware.jwtMiddleware.1           |
|                |        |                                                      |                                                                               | middleware.AuthorizationMiddleware.1 |
|                |        |                                                      |                                                                               | middleware.RateLimitMiddleware       |
-----------------|--------|------------------------------------------------------|-------------------------------------------------------------------------------|---------------------------------------
| 127.0.0.1:8001 | POST   | /api/knowledge/v1/docs/enable                        | SentinelOps/internal/controller/knowledge.(*controllerV1).DocEnable           | middleware.CORSMiddleware            |
|                |        |                                                      |                                                                               | middleware.ResponseMiddleware        |
|                |        |                                                      |                                                                               | middleware.jwtMiddleware.1           |
|                |        |                                                      |                                                                               | middleware.AuthorizationMiddleware.1 |
|                |        |                                                      |                                                                               | middleware.RateLimitMiddleware       |
-----------------|--------|------------------------------------------------------|-------------------------------------------------------------------------------|---------------------------------------
| 127.0.0.1:8001 | GET    | /api/knowledge/v1/docs/list                          | SentinelOps/internal/controller/knowledge.(*controllerV1).DocList             | middleware.CORSMiddleware            |
|                |        |                                                      |                                                                               | middleware.ResponseMiddleware        |
|                |        |                                                      |                                                                               | middleware.jwtMiddleware.1           |
|                |        |                                                      |                                                                               | middleware.AuthorizationMiddleware.1 |
|                |        |                                                      |                                                                               | middleware.RateLimitMiddleware       |
-----------------|--------|------------------------------------------------------|-------------------------------------------------------------------------------|---------------------------------------
| 127.0.0.1:8001 | POST   | /api/knowledge/v1/docs/rebuild                       | SentinelOps/internal/controller/knowledge.(*controllerV1).DocRebuild          | middleware.CORSMiddleware            |
|                |        |                                                      |                                                                               | middleware.ResponseMiddleware        |
|                |        |                                                      |                                                                               | middleware.jwtMiddleware.1           |
|                |        |                                                      |                                                                               | middleware.AuthorizationMiddleware.1 |
|                |        |                                                      |                                                                               | middleware.RateLimitMiddleware       |
-----------------|--------|------------------------------------------------------|-------------------------------------------------------------------------------|---------------------------------------
| 127.0.0.1:8001 | POST   | /api/knowledge/v1/docs/upload                        | SentinelOps/internal/controller/knowledge.(*controllerV1).DocUpload           | middleware.CORSMiddleware            |
|                |        |                                                      |                                                                               | middleware.ResponseMiddleware        |
|                |        |                                                      |                                                                               | middleware.jwtMiddleware.1           |
|                |        |                                                      |                                                                               | middleware.AuthorizationMiddleware.1 |
|                |        |                                                      |                                                                               | middleware.RateLimitMiddleware       |
-----------------|--------|------------------------------------------------------|-------------------------------------------------------------------------------|---------------------------------------
| 127.0.0.1:8001 | GET    | /api/knowledge/v1/queue/status                       | SentinelOps/internal/controller/knowledge.(*controllerV1).QueueStatus         | middleware.CORSMiddleware            |
|                |        |                                                      |                                                                               | middleware.ResponseMiddleware        |
|                |        |                                                      |                                                                               | middleware.jwtMiddleware.1           |
|                |        |                                                      |                                                                               | middleware.AuthorizationMiddleware.1 |
|                |        |                                                      |                                                                               | middleware.RateLimitMiddleware       |
-----------------|--------|------------------------------------------------------|-------------------------------------------------------------------------------|---------------------------------------
| 127.0.0.1:8001 | POST   | /api/knowledge/v1/search                             | SentinelOps/internal/controller/knowledge.(*controllerV1).Search              | middleware.CORSMiddleware            |
|                |        |                                                      |                                                                               | middleware.ResponseMiddleware        |
|                |        |                                                      |                                                                               | middleware.jwtMiddleware.1           |
|                |        |                                                      |                                                                               | middleware.AuthorizationMiddleware.1 |
|                |        |                                                      |                                                                               | middleware.RateLimitMiddleware       |
-----------------|--------|------------------------------------------------------|-------------------------------------------------------------------------------|---------------------------------------
| 127.0.0.1:8001 | GET    | /api/ops/v1/approvals                                | SentinelOps/internal/controller/ops.(*ControllerV1).ListApprovals             | middleware.CORSMiddleware            |
|                |        |                                                      |                                                                               | middleware.ResponseMiddleware        |
|                |        |                                                      |                                                                               | middleware.jwtMiddleware.1           |
|                |        |                                                      |                                                                               | middleware.AuthorizationMiddleware.1 |
|                |        |                                                      |                                                                               | middleware.RateLimitMiddleware       |
-----------------|--------|------------------------------------------------------|-------------------------------------------------------------------------------|---------------------------------------
| 127.0.0.1:8001 | GET    | /api/ops/v1/approvals/{id}                           | SentinelOps/internal/controller/ops.(*ControllerV1).GetApproval               | middleware.CORSMiddleware            |
|                |        |                                                      |                                                                               | middleware.ResponseMiddleware        |
|                |        |                                                      |                                                                               | middleware.jwtMiddleware.1           |
|                |        |                                                      |                                                                               | middleware.AuthorizationMiddleware.1 |
|                |        |                                                      |                                                                               | middleware.RateLimitMiddleware       |
-----------------|--------|------------------------------------------------------|-------------------------------------------------------------------------------|---------------------------------------
| 127.0.0.1:8001 | POST   | /api/ops/v1/approvals/{id}/approve                   | SentinelOps/internal/controller/ops.(*ControllerV1).ApproveApproval           | middleware.CORSMiddleware            |
|                |        |                                                      |                                                                               | middleware.ResponseMiddleware        |
|                |        |                                                      |                                                                               | middleware.jwtMiddleware.1           |
|                |        |                                                      |                                                                               | middleware.AuthorizationMiddleware.1 |
|                |        |                                                      |                                                                               | middleware.RateLimitMiddleware       |
-----------------|--------|------------------------------------------------------|-------------------------------------------------------------------------------|---------------------------------------
| 127.0.0.1:8001 | POST   | /api/ops/v1/approvals/{id}/reject                    | SentinelOps/internal/controller/ops.(*ControllerV1).RejectApproval            | middleware.CORSMiddleware            |
|                |        |                                                      |                                                                               | middleware.ResponseMiddleware        |
|                |        |                                                      |                                                                               | middleware.jwtMiddleware.1           |
|                |        |                                                      |                                                                               | middleware.AuthorizationMiddleware.1 |
|                |        |                                                      |                                                                               | middleware.RateLimitMiddleware       |
-----------------|--------|------------------------------------------------------|-------------------------------------------------------------------------------|---------------------------------------
| 127.0.0.1:8001 | GET    | /api/ops/v1/effects/unknown                          | SentinelOps/internal/controller/ops.(*ControllerV1).ListUnknownEffects        | middleware.CORSMiddleware            |
|                |        |                                                      |                                                                               | middleware.ResponseMiddleware        |
|                |        |                                                      |                                                                               | middleware.jwtMiddleware.1           |
|                |        |                                                      |                                                                               | middleware.AuthorizationMiddleware.1 |
|                |        |                                                      |                                                                               | middleware.RateLimitMiddleware       |
-----------------|--------|------------------------------------------------------|-------------------------------------------------------------------------------|---------------------------------------
| 127.0.0.1:8001 | POST   | /api/ops/v1/effects/{id}/accept-unknown              | SentinelOps/internal/controller/ops.(*ControllerV1).AcceptUnknownEffect       | middleware.CORSMiddleware            |
|                |        |                                                      |                                                                               | middleware.ResponseMiddleware        |
|                |        |                                                      |                                                                               | middleware.jwtMiddleware.1           |
|                |        |                                                      |                                                                               | middleware.AuthorizationMiddleware.1 |
|                |        |                                                      |                                                                               | middleware.RateLimitMiddleware       |
-----------------|--------|------------------------------------------------------|-------------------------------------------------------------------------------|---------------------------------------
| 127.0.0.1:8001 | POST   | /api/ops/v1/effects/{id}/resolve                     | SentinelOps/internal/controller/ops.(*ControllerV1).ResolveEffect             | middleware.CORSMiddleware            |
|                |        |                                                      |                                                                               | middleware.ResponseMiddleware        |
|                |        |                                                      |                                                                               | middleware.jwtMiddleware.1           |
|                |        |                                                      |                                                                               | middleware.AuthorizationMiddleware.1 |
|                |        |                                                      |                                                                               | middleware.RateLimitMiddleware       |
-----------------|--------|------------------------------------------------------|-------------------------------------------------------------------------------|---------------------------------------
| 127.0.0.1:8001 | GET    | /api/ops/v1/playbooks                                | SentinelOps/internal/controller/ops.(*ControllerV1).ListPlaybooks             | middleware.CORSMiddleware            |
|                |        |                                                      |                                                                               | middleware.ResponseMiddleware        |
|                |        |                                                      |                                                                               | middleware.jwtMiddleware.1           |
|                |        |                                                      |                                                                               | middleware.AuthorizationMiddleware.1 |
|                |        |                                                      |                                                                               | middleware.RateLimitMiddleware       |
-----------------|--------|------------------------------------------------------|-------------------------------------------------------------------------------|---------------------------------------
| 127.0.0.1:8001 | POST   | /api/ops/v1/playbooks                                | SentinelOps/internal/controller/ops.(*ControllerV1).CreatePlaybook            | middleware.CORSMiddleware            |
|                |        |                                                      |                                                                               | middleware.ResponseMiddleware        |
|                |        |                                                      |                                                                               | middleware.jwtMiddleware.1           |
|                |        |                                                      |                                                                               | middleware.AuthorizationMiddleware.1 |
|                |        |                                                      |                                                                               | middleware.RateLimitMiddleware       |
-----------------|--------|------------------------------------------------------|-------------------------------------------------------------------------------|---------------------------------------
| 127.0.0.1:8001 | POST   | /api/ops/v1/playbooks/trigger_for_event              | SentinelOps/internal/controller/ops.(*ControllerV1).TriggerForEvent           | middleware.CORSMiddleware            |
|                |        |                                                      |                                                                               | middleware.ResponseMiddleware        |
|                |        |                                                      |                                                                               | middleware.jwtMiddleware.1           |
|                |        |                                                      |                                                                               | middleware.AuthorizationMiddleware.1 |
|                |        |                                                      |                                                                               | middleware.RateLimitMiddleware       |
-----------------|--------|------------------------------------------------------|-------------------------------------------------------------------------------|---------------------------------------
| 127.0.0.1:8001 | DELETE | /api/ops/v1/playbooks/{id}                           | SentinelOps/internal/controller/ops.(*ControllerV1).DeletePlaybook            | middleware.CORSMiddleware            |
|                |        |                                                      |                                                                               | middleware.ResponseMiddleware        |
|                |        |                                                      |                                                                               | middleware.jwtMiddleware.1           |
|                |        |                                                      |                                                                               | middleware.AuthorizationMiddleware.1 |
|                |        |                                                      |                                                                               | middleware.RateLimitMiddleware       |
-----------------|--------|------------------------------------------------------|-------------------------------------------------------------------------------|---------------------------------------
| 127.0.0.1:8001 | GET    | /api/ops/v1/playbooks/{id}                           | SentinelOps/internal/controller/ops.(*ControllerV1).GetPlaybook               | middleware.CORSMiddleware            |
|                |        |                                                      |                                                                               | middleware.ResponseMiddleware        |
|                |        |                                                      |                                                                               | middleware.jwtMiddleware.1           |
|                |        |                                                      |                                                                               | middleware.AuthorizationMiddleware.1 |
|                |        |                                                      |                                                                               | middleware.RateLimitMiddleware       |
-----------------|--------|------------------------------------------------------|-------------------------------------------------------------------------------|---------------------------------------
| 127.0.0.1:8001 | PUT    | /api/ops/v1/playbooks/{id}                           | SentinelOps/internal/controller/ops.(*ControllerV1).UpdatePlaybook            | middleware.CORSMiddleware            |
|                |        |                                                      |                                                                               | middleware.ResponseMiddleware        |
|                |        |                                                      |                                                                               | middleware.jwtMiddleware.1           |
|                |        |                                                      |                                                                               | middleware.AuthorizationMiddleware.1 |
|                |        |                                                      |                                                                               | middleware.RateLimitMiddleware       |
-----------------|--------|------------------------------------------------------|-------------------------------------------------------------------------------|---------------------------------------
| 127.0.0.1:8001 | POST   | /api/ops/v1/playbooks/{id}/test                      | SentinelOps/internal/controller/ops.(*ControllerV1).TestPlaybook              | middleware.CORSMiddleware            |
|                |        |                                                      |                                                                               | middleware.ResponseMiddleware        |
|                |        |                                                      |                                                                               | middleware.jwtMiddleware.1           |
|                |        |                                                      |                                                                               | middleware.AuthorizationMiddleware.1 |
|                |        |                                                      |                                                                               | middleware.RateLimitMiddleware       |
-----------------|--------|------------------------------------------------------|-------------------------------------------------------------------------------|---------------------------------------
| 127.0.0.1:8001 | GET    | /api/ops/v1/protected_assets                         | SentinelOps/internal/controller/ops.(*ControllerV1).ListProtectedAssets       | middleware.CORSMiddleware            |
|                |        |                                                      |                                                                               | middleware.ResponseMiddleware        |
|                |        |                                                      |                                                                               | middleware.jwtMiddleware.1           |
|                |        |                                                      |                                                                               | middleware.AuthorizationMiddleware.1 |
|                |        |                                                      |                                                                               | middleware.RateLimitMiddleware       |
-----------------|--------|------------------------------------------------------|-------------------------------------------------------------------------------|---------------------------------------
| 127.0.0.1:8001 | POST   | /api/ops/v1/protected_assets                         | SentinelOps/internal/controller/ops.(*ControllerV1).CreateProtectedAsset      | middleware.CORSMiddleware            |
|                |        |                                                      |                                                                               | middleware.ResponseMiddleware        |
|                |        |                                                      |                                                                               | middleware.jwtMiddleware.1           |
|                |        |                                                      |                                                                               | middleware.AuthorizationMiddleware.1 |
|                |        |                                                      |                                                                               | middleware.RateLimitMiddleware       |
-----------------|--------|------------------------------------------------------|-------------------------------------------------------------------------------|---------------------------------------
| 127.0.0.1:8001 | DELETE | /api/ops/v1/protected_assets/{id}                    | SentinelOps/internal/controller/ops.(*ControllerV1).DeleteProtectedAsset      | middleware.CORSMiddleware            |
|                |        |                                                      |                                                                               | middleware.ResponseMiddleware        |
|                |        |                                                      |                                                                               | middleware.jwtMiddleware.1           |
|                |        |                                                      |                                                                               | middleware.AuthorizationMiddleware.1 |
|                |        |                                                      |                                                                               | middleware.RateLimitMiddleware       |
-----------------|--------|------------------------------------------------------|-------------------------------------------------------------------------------|---------------------------------------
| 127.0.0.1:8001 | DELETE | /api/ops/v1/runs                                     | SentinelOps/internal/controller/ops.(*ControllerV1).ClearRuns                 | middleware.CORSMiddleware            |
|                |        |                                                      |                                                                               | middleware.ResponseMiddleware        |
|                |        |                                                      |                                                                               | middleware.jwtMiddleware.1           |
|                |        |                                                      |                                                                               | middleware.AuthorizationMiddleware.1 |
|                |        |                                                      |                                                                               | middleware.RateLimitMiddleware       |
-----------------|--------|------------------------------------------------------|-------------------------------------------------------------------------------|---------------------------------------
| 127.0.0.1:8001 | GET    | /api/ops/v1/runs                                     | SentinelOps/internal/controller/ops.(*ControllerV1).ListRuns                  | middleware.CORSMiddleware            |
|                |        |                                                      |                                                                               | middleware.ResponseMiddleware        |
|                |        |                                                      |                                                                               | middleware.jwtMiddleware.1           |
|                |        |                                                      |                                                                               | middleware.AuthorizationMiddleware.1 |
|                |        |                                                      |                                                                               | middleware.RateLimitMiddleware       |
-----------------|--------|------------------------------------------------------|-------------------------------------------------------------------------------|---------------------------------------
| 127.0.0.1:8001 | POST   | /api/ops/v1/runs/direct                              | SentinelOps/internal/controller/ops.(*ControllerV1).DirectRunForEvent         | middleware.CORSMiddleware            |
|                |        |                                                      |                                                                               | middleware.ResponseMiddleware        |
|                |        |                                                      |                                                                               | middleware.jwtMiddleware.1           |
|                |        |                                                      |                                                                               | middleware.AuthorizationMiddleware.1 |
|                |        |                                                      |                                                                               | middleware.RateLimitMiddleware       |
-----------------|--------|------------------------------------------------------|-------------------------------------------------------------------------------|---------------------------------------
| 127.0.0.1:8001 | DELETE | /api/ops/v1/runs/{id}                                | SentinelOps/internal/controller/ops.(*ControllerV1).DeleteRun                 | middleware.CORSMiddleware            |
|                |        |                                                      |                                                                               | middleware.ResponseMiddleware        |
|                |        |                                                      |                                                                               | middleware.jwtMiddleware.1           |
|                |        |                                                      |                                                                               | middleware.AuthorizationMiddleware.1 |
|                |        |                                                      |                                                                               | middleware.RateLimitMiddleware       |
-----------------|--------|------------------------------------------------------|-------------------------------------------------------------------------------|---------------------------------------
| 127.0.0.1:8001 | GET    | /api/ops/v1/runs/{id}                                | SentinelOps/internal/controller/ops.(*ControllerV1).GetRun                    | middleware.CORSMiddleware            |
|                |        |                                                      |                                                                               | middleware.ResponseMiddleware        |
|                |        |                                                      |                                                                               | middleware.jwtMiddleware.1           |
|                |        |                                                      |                                                                               | middleware.AuthorizationMiddleware.1 |
|                |        |                                                      |                                                                               | middleware.RateLimitMiddleware       |
-----------------|--------|------------------------------------------------------|-------------------------------------------------------------------------------|---------------------------------------
| 127.0.0.1:8001 | GET    | /api/ops/v1/stats                                    | SentinelOps/internal/controller/ops.(*ControllerV1).GetStats                  | middleware.CORSMiddleware            |
|                |        |                                                      |                                                                               | middleware.ResponseMiddleware        |
|                |        |                                                      |                                                                               | middleware.jwtMiddleware.1           |
|                |        |                                                      |                                                                               | middleware.AuthorizationMiddleware.1 |
|                |        |                                                      |                                                                               | middleware.RateLimitMiddleware       |
-----------------|--------|------------------------------------------------------|-------------------------------------------------------------------------------|---------------------------------------
| 127.0.0.1:8001 | GET    | /api/rageval/v1/dashboard                            | SentinelOps/internal/controller/rageval.(*controllerV1).Dashboard             | middleware.CORSMiddleware            |
|                |        |                                                      |                                                                               | middleware.ResponseMiddleware        |
|                |        |                                                      |                                                                               | middleware.jwtMiddleware.1           |
|                |        |                                                      |                                                                               | middleware.AuthorizationMiddleware.1 |
|                |        |                                                      |                                                                               | middleware.RateLimitMiddleware       |
-----------------|--------|------------------------------------------------------|-------------------------------------------------------------------------------|---------------------------------------
| 127.0.0.1:8001 | POST   | /api/rageval/v1/feedback                             | SentinelOps/internal/controller/rageval.(*controllerV1).Feedback              | middleware.CORSMiddleware            |
|                |        |                                                      |                                                                               | middleware.ResponseMiddleware        |
|                |        |                                                      |                                                                               | middleware.jwtMiddleware.1           |
|                |        |                                                      |                                                                               | middleware.AuthorizationMiddleware.1 |
|                |        |                                                      |                                                                               | middleware.RateLimitMiddleware       |
-----------------|--------|------------------------------------------------------|-------------------------------------------------------------------------------|---------------------------------------
| 127.0.0.1:8001 | GET    | /api/rageval/v1/feedback_stats                       | SentinelOps/internal/controller/rageval.(*controllerV1).FeedbackStats         | middleware.CORSMiddleware            |
|                |        |                                                      |                                                                               | middleware.ResponseMiddleware        |
|                |        |                                                      |                                                                               | middleware.jwtMiddleware.1           |
|                |        |                                                      |                                                                               | middleware.AuthorizationMiddleware.1 |
|                |        |                                                      |                                                                               | middleware.RateLimitMiddleware       |
-----------------|--------|------------------------------------------------------|-------------------------------------------------------------------------------|---------------------------------------
| 127.0.0.1:8001 | DELETE | /api/rageval/v1/traces                               | SentinelOps/internal/controller/rageval.(*controllerV1).DeleteTrace           | middleware.CORSMiddleware            |
|                |        |                                                      |                                                                               | middleware.ResponseMiddleware        |
|                |        |                                                      |                                                                               | middleware.jwtMiddleware.1           |
|                |        |                                                      |                                                                               | middleware.AuthorizationMiddleware.1 |
|                |        |                                                      |                                                                               | middleware.RateLimitMiddleware       |
-----------------|--------|------------------------------------------------------|-------------------------------------------------------------------------------|---------------------------------------
| 127.0.0.1:8001 | GET    | /api/rageval/v1/traces                               | SentinelOps/internal/controller/rageval.(*controllerV1).Traces                | middleware.CORSMiddleware            |
|                |        |                                                      |                                                                               | middleware.ResponseMiddleware        |
|                |        |                                                      |                                                                               | middleware.jwtMiddleware.1           |
|                |        |                                                      |                                                                               | middleware.AuthorizationMiddleware.1 |
|                |        |                                                      |                                                                               | middleware.RateLimitMiddleware       |
-----------------|--------|------------------------------------------------------|-------------------------------------------------------------------------------|---------------------------------------
| 127.0.0.1:8001 | GET    | /api/rageval/v1/traces/detail                        | SentinelOps/internal/controller/rageval.(*controllerV1).TraceDetail           | middleware.CORSMiddleware            |
|                |        |                                                      |                                                                               | middleware.ResponseMiddleware        |
|                |        |                                                      |                                                                               | middleware.jwtMiddleware.1           |
|                |        |                                                      |                                                                               | middleware.AuthorizationMiddleware.1 |
|                |        |                                                      |                                                                               | middleware.RateLimitMiddleware       |
-----------------|--------|------------------------------------------------------|-------------------------------------------------------------------------------|---------------------------------------
| 127.0.0.1:8001 | POST   | /api/report/v1/create                                | SentinelOps/internal/controller/report.(*ControllerV1).Create                 | middleware.CORSMiddleware            |
|                |        |                                                      |                                                                               | middleware.ResponseMiddleware        |
|                |        |                                                      |                                                                               | middleware.jwtMiddleware.1           |
|                |        |                                                      |                                                                               | middleware.AuthorizationMiddleware.1 |
|                |        |                                                      |                                                                               | middleware.RateLimitMiddleware       |
-----------------|--------|------------------------------------------------------|-------------------------------------------------------------------------------|---------------------------------------
| 127.0.0.1:8001 | POST   | /api/report/v1/delete                                | SentinelOps/internal/controller/report.(*ControllerV1).Delete                 | middleware.CORSMiddleware            |
|                |        |                                                      |                                                                               | middleware.ResponseMiddleware        |
|                |        |                                                      |                                                                               | middleware.jwtMiddleware.1           |
|                |        |                                                      |                                                                               | middleware.AuthorizationMiddleware.1 |
|                |        |                                                      |                                                                               | middleware.RateLimitMiddleware       |
-----------------|--------|------------------------------------------------------|-------------------------------------------------------------------------------|---------------------------------------
| 127.0.0.1:8001 | GET    | /api/report/v1/export                                | SentinelOps/internal/controller/report.(*ControllerV1).Export                 | middleware.CORSMiddleware            |
|                |        |                                                      |                                                                               | middleware.ResponseMiddleware        |
|                |        |                                                      |                                                                               | middleware.jwtMiddleware.1           |
|                |        |                                                      |                                                                               | middleware.AuthorizationMiddleware.1 |
|                |        |                                                      |                                                                               | middleware.RateLimitMiddleware       |
-----------------|--------|------------------------------------------------------|-------------------------------------------------------------------------------|---------------------------------------
| 127.0.0.1:8001 | GET    | /api/report/v1/get                                   | SentinelOps/internal/controller/report.(*ControllerV1).Get                    | middleware.CORSMiddleware            |
|                |        |                                                      |                                                                               | middleware.ResponseMiddleware        |
|                |        |                                                      |                                                                               | middleware.jwtMiddleware.1           |
|                |        |                                                      |                                                                               | middleware.AuthorizationMiddleware.1 |
|                |        |                                                      |                                                                               | middleware.RateLimitMiddleware       |
-----------------|--------|------------------------------------------------------|-------------------------------------------------------------------------------|---------------------------------------
| 127.0.0.1:8001 | GET    | /api/report/v1/list                                  | SentinelOps/internal/controller/report.(*ControllerV1).List                   | middleware.CORSMiddleware            |
|                |        |                                                      |                                                                               | middleware.ResponseMiddleware        |
|                |        |                                                      |                                                                               | middleware.jwtMiddleware.1           |
|                |        |                                                      |                                                                               | middleware.AuthorizationMiddleware.1 |
|                |        |                                                      |                                                                               | middleware.RateLimitMiddleware       |
-----------------|--------|------------------------------------------------------|-------------------------------------------------------------------------------|---------------------------------------
| 127.0.0.1:8001 | POST   | /api/report/v1/template/create                       | SentinelOps/internal/controller/report.(*ControllerV1).TemplateCreate         | middleware.CORSMiddleware            |
|                |        |                                                      |                                                                               | middleware.ResponseMiddleware        |
|                |        |                                                      |                                                                               | middleware.jwtMiddleware.1           |
|                |        |                                                      |                                                                               | middleware.AuthorizationMiddleware.1 |
|                |        |                                                      |                                                                               | middleware.RateLimitMiddleware       |
-----------------|--------|------------------------------------------------------|-------------------------------------------------------------------------------|---------------------------------------
| 127.0.0.1:8001 | POST   | /api/report/v1/template/delete                       | SentinelOps/internal/controller/report.(*ControllerV1).TemplateDelete         | middleware.CORSMiddleware            |
|                |        |                                                      |                                                                               | middleware.ResponseMiddleware        |
|                |        |                                                      |                                                                               | middleware.jwtMiddleware.1           |
|                |        |                                                      |                                                                               | middleware.AuthorizationMiddleware.1 |
|                |        |                                                      |                                                                               | middleware.RateLimitMiddleware       |
-----------------|--------|------------------------------------------------------|-------------------------------------------------------------------------------|---------------------------------------
| 127.0.0.1:8001 | GET    | /api/report/v1/template/list                         | SentinelOps/internal/controller/report.(*ControllerV1).TemplateList           | middleware.CORSMiddleware            |
|                |        |                                                      |                                                                               | middleware.ResponseMiddleware        |
|                |        |                                                      |                                                                               | middleware.jwtMiddleware.1           |
|                |        |                                                      |                                                                               | middleware.AuthorizationMiddleware.1 |
|                |        |                                                      |                                                                               | middleware.RateLimitMiddleware       |
-----------------|--------|------------------------------------------------------|-------------------------------------------------------------------------------|---------------------------------------
| 127.0.0.1:8001 | GET    | /api/runtime/v1/capabilities                         | SentinelOps/internal/controller/runtime.(*ControllerV1).GetCapabilities       | middleware.CORSMiddleware            |
|                |        |                                                      |                                                                               | middleware.ResponseMiddleware        |
|                |        |                                                      |                                                                               | middleware.jwtMiddleware.1           |
|                |        |                                                      |                                                                               | middleware.AuthorizationMiddleware.1 |
|                |        |                                                      |                                                                               | middleware.RateLimitMiddleware       |
-----------------|--------|------------------------------------------------------|-------------------------------------------------------------------------------|---------------------------------------
| 127.0.0.1:8001 | GET    | /api/runtime/v1/eval                                 | SentinelOps/internal/controller/runtime.(*ControllerV1).GetEval               | middleware.CORSMiddleware            |
|                |        |                                                      |                                                                               | middleware.ResponseMiddleware        |
|                |        |                                                      |                                                                               | middleware.jwtMiddleware.1           |
|                |        |                                                      |                                                                               | middleware.AuthorizationMiddleware.1 |
|                |        |                                                      |                                                                               | middleware.RateLimitMiddleware       |
-----------------|--------|------------------------------------------------------|-------------------------------------------------------------------------------|---------------------------------------
| 127.0.0.1:8001 | GET    | /api/runtime/v1/operations/{operation_id}            | SentinelOps/internal/controller/runtime.(*ControllerV1).GetOperation          | middleware.CORSMiddleware            |
|                |        |                                                      |                                                                               | middleware.ResponseMiddleware        |
|                |        |                                                      |                                                                               | middleware.jwtMiddleware.1           |
|                |        |                                                      |                                                                               | middleware.AuthorizationMiddleware.1 |
|                |        |                                                      |                                                                               | middleware.RateLimitMiddleware       |
-----------------|--------|------------------------------------------------------|-------------------------------------------------------------------------------|---------------------------------------
| 127.0.0.1:8001 | GET    | /api/runtime/v1/release                              | SentinelOps/internal/controller/runtime.(*ControllerV1).GetRelease            | middleware.CORSMiddleware            |
|                |        |                                                      |                                                                               | middleware.ResponseMiddleware        |
|                |        |                                                      |                                                                               | middleware.jwtMiddleware.1           |
|                |        |                                                      |                                                                               | middleware.AuthorizationMiddleware.1 |
|                |        |                                                      |                                                                               | middleware.RateLimitMiddleware       |
-----------------|--------|------------------------------------------------------|-------------------------------------------------------------------------------|---------------------------------------
| 127.0.0.1:8001 | GET    | /api/runtime/v1/retention                            | SentinelOps/internal/controller/runtime.(*ControllerV1).GetRetention          | middleware.CORSMiddleware            |
|                |        |                                                      |                                                                               | middleware.ResponseMiddleware        |
|                |        |                                                      |                                                                               | middleware.jwtMiddleware.1           |
|                |        |                                                      |                                                                               | middleware.AuthorizationMiddleware.1 |
|                |        |                                                      |                                                                               | middleware.RateLimitMiddleware       |
-----------------|--------|------------------------------------------------------|-------------------------------------------------------------------------------|---------------------------------------
| 127.0.0.1:8001 | GET    | /api/runtime/v1/runs                                 | SentinelOps/internal/controller/runtime.(*ControllerV1).ListRuns              | middleware.CORSMiddleware            |
|                |        |                                                      |                                                                               | middleware.ResponseMiddleware        |
|                |        |                                                      |                                                                               | middleware.jwtMiddleware.1           |
|                |        |                                                      |                                                                               | middleware.AuthorizationMiddleware.1 |
|                |        |                                                      |                                                                               | middleware.RateLimitMiddleware       |
-----------------|--------|------------------------------------------------------|-------------------------------------------------------------------------------|---------------------------------------
| 127.0.0.1:8001 | GET    | /api/runtime/v1/runs/{run_id}                        | SentinelOps/internal/controller/runtime.(*ControllerV1).GetRun                | middleware.CORSMiddleware            |
|                |        |                                                      |                                                                               | middleware.ResponseMiddleware        |
|                |        |                                                      |                                                                               | middleware.jwtMiddleware.1           |
|                |        |                                                      |                                                                               | middleware.AuthorizationMiddleware.1 |
|                |        |                                                      |                                                                               | middleware.RateLimitMiddleware       |
-----------------|--------|------------------------------------------------------|-------------------------------------------------------------------------------|---------------------------------------
| 127.0.0.1:8001 | GET    | /api/runtime/v1/runs/{run_id}/approvals              | SentinelOps/internal/controller/runtime.(*ControllerV1).GetApprovals          | middleware.CORSMiddleware            |
|                |        |                                                      |                                                                               | middleware.ResponseMiddleware        |
|                |        |                                                      |                                                                               | middleware.jwtMiddleware.1           |
|                |        |                                                      |                                                                               | middleware.AuthorizationMiddleware.1 |
|                |        |                                                      |                                                                               | middleware.RateLimitMiddleware       |
-----------------|--------|------------------------------------------------------|-------------------------------------------------------------------------------|---------------------------------------
| 127.0.0.1:8001 | GET    | /api/runtime/v1/runs/{run_id}/attempts               | SentinelOps/internal/controller/runtime.(*ControllerV1).GetAttempts           | middleware.CORSMiddleware            |
|                |        |                                                      |                                                                               | middleware.ResponseMiddleware        |
|                |        |                                                      |                                                                               | middleware.jwtMiddleware.1           |
|                |        |                                                      |                                                                               | middleware.AuthorizationMiddleware.1 |
|                |        |                                                      |                                                                               | middleware.RateLimitMiddleware       |
-----------------|--------|------------------------------------------------------|-------------------------------------------------------------------------------|---------------------------------------
| 127.0.0.1:8001 | GET    | /api/runtime/v1/runs/{run_id}/checkpoints            | SentinelOps/internal/controller/runtime.(*ControllerV1).GetCheckpoints        | middleware.CORSMiddleware            |
|                |        |                                                      |                                                                               | middleware.ResponseMiddleware        |
|                |        |                                                      |                                                                               | middleware.jwtMiddleware.1           |
|                |        |                                                      |                                                                               | middleware.AuthorizationMiddleware.1 |
|                |        |                                                      |                                                                               | middleware.RateLimitMiddleware       |
-----------------|--------|------------------------------------------------------|-------------------------------------------------------------------------------|---------------------------------------
| 127.0.0.1:8001 | GET    | /api/runtime/v1/runs/{run_id}/context                | SentinelOps/internal/controller/runtime.(*ControllerV1).GetContext            | middleware.CORSMiddleware            |
|                |        |                                                      |                                                                               | middleware.ResponseMiddleware        |
|                |        |                                                      |                                                                               | middleware.jwtMiddleware.1           |
|                |        |                                                      |                                                                               | middleware.AuthorizationMiddleware.1 |
|                |        |                                                      |                                                                               | middleware.RateLimitMiddleware       |
-----------------|--------|------------------------------------------------------|-------------------------------------------------------------------------------|---------------------------------------
| 127.0.0.1:8001 | GET    | /api/runtime/v1/runs/{run_id}/effects                | SentinelOps/internal/controller/runtime.(*ControllerV1).GetEffects            | middleware.CORSMiddleware            |
|                |        |                                                      |                                                                               | middleware.ResponseMiddleware        |
|                |        |                                                      |                                                                               | middleware.jwtMiddleware.1           |
|                |        |                                                      |                                                                               | middleware.AuthorizationMiddleware.1 |
|                |        |                                                      |                                                                               | middleware.RateLimitMiddleware       |
-----------------|--------|------------------------------------------------------|-------------------------------------------------------------------------------|---------------------------------------
| 127.0.0.1:8001 | GET    | /api/runtime/v1/runs/{run_id}/events                 | SentinelOps/internal/controller/runtime.(*ControllerV1).RunEvents             | middleware.CORSMiddleware            |
|                |        |                                                      |                                                                               | middleware.ResponseMiddleware        |
|                |        |                                                      |                                                                               | middleware.jwtMiddleware.1           |
|                |        |                                                      |                                                                               | middleware.AuthorizationMiddleware.1 |
|                |        |                                                      |                                                                               | middleware.RateLimitMiddleware       |
-----------------|--------|------------------------------------------------------|-------------------------------------------------------------------------------|---------------------------------------
| 127.0.0.1:8001 | GET    | /api/runtime/v1/runs/{run_id}/evidence               | SentinelOps/internal/controller/runtime.(*ControllerV1).GetEvidence           | middleware.CORSMiddleware            |
|                |        |                                                      |                                                                               | middleware.ResponseMiddleware        |
|                |        |                                                      |                                                                               | middleware.jwtMiddleware.1           |
|                |        |                                                      |                                                                               | middleware.AuthorizationMiddleware.1 |
|                |        |                                                      |                                                                               | middleware.RateLimitMiddleware       |
-----------------|--------|------------------------------------------------------|-------------------------------------------------------------------------------|---------------------------------------
| 127.0.0.1:8001 | GET    | /api/runtime/v1/runs/{run_id}/evidence/{evidence_id} | SentinelOps/internal/controller/runtime.(*ControllerV1).ExpandEvidence        | middleware.CORSMiddleware            |
|                |        |                                                      |                                                                               | middleware.ResponseMiddleware        |
|                |        |                                                      |                                                                               | middleware.jwtMiddleware.1           |
|                |        |                                                      |                                                                               | middleware.AuthorizationMiddleware.1 |
|                |        |                                                      |                                                                               | middleware.RateLimitMiddleware       |
-----------------|--------|------------------------------------------------------|-------------------------------------------------------------------------------|---------------------------------------
| 127.0.0.1:8001 | POST   | /api/runtime/v1/runs/{run_id}/recovery               | SentinelOps/internal/controller/runtime.(*ControllerV1).RecoverRun            | middleware.CORSMiddleware            |
|                |        |                                                      |                                                                               | middleware.ResponseMiddleware        |
|                |        |                                                      |                                                                               | middleware.jwtMiddleware.1           |
|                |        |                                                      |                                                                               | middleware.AuthorizationMiddleware.1 |
|                |        |                                                      |                                                                               | middleware.RateLimitMiddleware       |
-----------------|--------|------------------------------------------------------|-------------------------------------------------------------------------------|---------------------------------------
| 127.0.0.1:8001 | GET    | /api/runtime/v1/runs/{run_id}/timeline               | SentinelOps/internal/controller/runtime.(*ControllerV1).GetTimeline           | middleware.CORSMiddleware            |
|                |        |                                                      |                                                                               | middleware.ResponseMiddleware        |
|                |        |                                                      |                                                                               | middleware.jwtMiddleware.1           |
|                |        |                                                      |                                                                               | middleware.AuthorizationMiddleware.1 |
|                |        |                                                      |                                                                               | middleware.RateLimitMiddleware       |
-----------------|--------|------------------------------------------------------|-------------------------------------------------------------------------------|---------------------------------------
| 127.0.0.1:8001 | GET    | /api/runtime/v1/runs/{run_id}/traces                 | SentinelOps/internal/controller/runtime.(*ControllerV1).GetTraces             | middleware.CORSMiddleware            |
|                |        |                                                      |                                                                               | middleware.ResponseMiddleware        |
|                |        |                                                      |                                                                               | middleware.jwtMiddleware.1           |
|                |        |                                                      |                                                                               | middleware.AuthorizationMiddleware.1 |
|                |        |                                                      |                                                                               | middleware.RateLimitMiddleware       |
-----------------|--------|------------------------------------------------------|-------------------------------------------------------------------------------|---------------------------------------
| 127.0.0.1:8001 | GET    | /api/runtime/v1/safety                               | SentinelOps/internal/controller/runtime.(*ControllerV1).GetSafety             | middleware.CORSMiddleware            |
|                |        |                                                      |                                                                               | middleware.ResponseMiddleware        |
|                |        |                                                      |                                                                               | middleware.jwtMiddleware.1           |
|                |        |                                                      |                                                                               | middleware.AuthorizationMiddleware.1 |
|                |        |                                                      |                                                                               | middleware.RateLimitMiddleware       |
-----------------|--------|------------------------------------------------------|-------------------------------------------------------------------------------|---------------------------------------
| 127.0.0.1:8001 | GET    | /api/runtime/v1/worker-health                        | SentinelOps/internal/controller/runtime.(*ControllerV1).GetWorkerHealth       | middleware.CORSMiddleware            |
|                |        |                                                      |                                                                               | middleware.ResponseMiddleware        |
|                |        |                                                      |                                                                               | middleware.jwtMiddleware.1           |
|                |        |                                                      |                                                                               | middleware.AuthorizationMiddleware.1 |
|                |        |                                                      |                                                                               | middleware.RateLimitMiddleware       |
-----------------|--------|------------------------------------------------------|-------------------------------------------------------------------------------|---------------------------------------
| 127.0.0.1:8001 | GET    | /api/settings/v1/general                             | SentinelOps/internal/controller/settings.(*ControllerV1).GetGeneral           | middleware.CORSMiddleware            |
|                |        |                                                      |                                                                               | middleware.ResponseMiddleware        |
|                |        |                                                      |                                                                               | middleware.jwtMiddleware.1           |
|                |        |                                                      |                                                                               | middleware.AuthorizationMiddleware.1 |
|                |        |                                                      |                                                                               | middleware.RateLimitMiddleware       |
-----------------|--------|------------------------------------------------------|-------------------------------------------------------------------------------|---------------------------------------
| 127.0.0.1:8001 | POST   | /api/settings/v1/general                             | SentinelOps/internal/controller/settings.(*ControllerV1).SaveGeneral          | middleware.CORSMiddleware            |
|                |        |                                                      |                                                                               | middleware.ResponseMiddleware        |
|                |        |                                                      |                                                                               | middleware.jwtMiddleware.1           |
|                |        |                                                      |                                                                               | middleware.AuthorizationMiddleware.1 |
|                |        |                                                      |                                                                               | middleware.RateLimitMiddleware       |
-----------------|--------|------------------------------------------------------|-------------------------------------------------------------------------------|---------------------------------------
| 127.0.0.1:8001 | GET    | /api/settings/v1/ingest_key                          | SentinelOps/internal/controller/settings.(*ControllerV1).GetIngestKey         | middleware.CORSMiddleware            |
|                |        |                                                      |                                                                               | middleware.ResponseMiddleware        |
|                |        |                                                      |                                                                               | middleware.jwtMiddleware.1           |
|                |        |                                                      |                                                                               | middleware.AuthorizationMiddleware.1 |
|                |        |                                                      |                                                                               | middleware.RateLimitMiddleware       |
-----------------|--------|------------------------------------------------------|-------------------------------------------------------------------------------|---------------------------------------
| 127.0.0.1:8001 | POST   | /api/settings/v1/ingest_key/reset                    | SentinelOps/internal/controller/settings.(*ControllerV1).ResetIngestKey       | middleware.CORSMiddleware            |
|                |        |                                                      |                                                                               | middleware.ResponseMiddleware        |
|                |        |                                                      |                                                                               | middleware.jwtMiddleware.1           |
|                |        |                                                      |                                                                               | middleware.AuthorizationMiddleware.1 |
|                |        |                                                      |                                                                               | middleware.RateLimitMiddleware       |
-----------------|--------|------------------------------------------------------|-------------------------------------------------------------------------------|---------------------------------------
| 127.0.0.1:8001 | GET    | /api/settings/v1/retention                           | SentinelOps/internal/controller/settings.(*ControllerV1).GetRetention         | middleware.CORSMiddleware            |
|                |        |                                                      |                                                                               | middleware.ResponseMiddleware        |
|                |        |                                                      |                                                                               | middleware.jwtMiddleware.1           |
|                |        |                                                      |                                                                               | middleware.AuthorizationMiddleware.1 |
|                |        |                                                      |                                                                               | middleware.RateLimitMiddleware       |
-----------------|--------|------------------------------------------------------|-------------------------------------------------------------------------------|---------------------------------------
| 127.0.0.1:8001 | POST   | /api/settings/v1/retention                           | SentinelOps/internal/controller/settings.(*ControllerV1).SaveRetention        | middleware.CORSMiddleware            |
|                |        |                                                      |                                                                               | middleware.ResponseMiddleware        |
|                |        |                                                      |                                                                               | middleware.jwtMiddleware.1           |
|                |        |                                                      |                                                                               | middleware.AuthorizationMiddleware.1 |
|                |        |                                                      |                                                                               | middleware.RateLimitMiddleware       |
-----------------|--------|------------------------------------------------------|-------------------------------------------------------------------------------|---------------------------------------
| 127.0.0.1:8001 | GET    | /api/settings/v1/retention/audit                     | SentinelOps/internal/controller/settings.(*ControllerV1).ListRetentionAudit   | middleware.CORSMiddleware            |
|                |        |                                                      |                                                                               | middleware.ResponseMiddleware        |
|                |        |                                                      |                                                                               | middleware.jwtMiddleware.1           |
|                |        |                                                      |                                                                               | middleware.AuthorizationMiddleware.1 |
|                |        |                                                      |                                                                               | middleware.RateLimitMiddleware       |
-----------------|--------|------------------------------------------------------|-------------------------------------------------------------------------------|---------------------------------------
| 127.0.0.1:8001 | GET    | /api/settings/v1/runtime-gates                       | SentinelOps/internal/controller/settings.(*ControllerV1).GetRuntimeGates      | middleware.CORSMiddleware            |
|                |        |                                                      |                                                                               | middleware.ResponseMiddleware        |
|                |        |                                                      |                                                                               | middleware.jwtMiddleware.1           |
|                |        |                                                      |                                                                               | middleware.AuthorizationMiddleware.1 |
|                |        |                                                      |                                                                               | middleware.RateLimitMiddleware       |
-----------------|--------|------------------------------------------------------|-------------------------------------------------------------------------------|---------------------------------------
| 127.0.0.1:8001 | POST   | /api/settings/v1/runtime-gates                       | SentinelOps/internal/controller/settings.(*ControllerV1).SaveRuntimeGates     | middleware.CORSMiddleware            |
|                |        |                                                      |                                                                               | middleware.ResponseMiddleware        |
|                |        |                                                      |                                                                               | middleware.jwtMiddleware.1           |
|                |        |                                                      |                                                                               | middleware.AuthorizationMiddleware.1 |
|                |        |                                                      |                                                                               | middleware.RateLimitMiddleware       |
-----------------|--------|------------------------------------------------------|-------------------------------------------------------------------------------|---------------------------------------
| 127.0.0.1:8001 | GET    | /api/settings/v1/runtime-gates/audit                 | SentinelOps/internal/controller/settings.(*ControllerV1).ListRuntimeGateAudit | middleware.CORSMiddleware            |
|                |        |                                                      |                                                                               | middleware.ResponseMiddleware        |
|                |        |                                                      |                                                                               | middleware.jwtMiddleware.1           |
|                |        |                                                      |                                                                               | middleware.AuthorizationMiddleware.1 |
|                |        |                                                      |                                                                               | middleware.RateLimitMiddleware       |
-----------------|--------|------------------------------------------------------|-------------------------------------------------------------------------------|---------------------------------------
| 127.0.0.1:8001 | POST   | /api/subscription/v1/create                          | SentinelOps/internal/controller/subscription.(*ControllerV1).Create           | middleware.CORSMiddleware            |
|                |        |                                                      |                                                                               | middleware.ResponseMiddleware        |
|                |        |                                                      |                                                                               | middleware.jwtMiddleware.1           |
|                |        |                                                      |                                                                               | middleware.AuthorizationMiddleware.1 |
|                |        |                                                      |                                                                               | middleware.RateLimitMiddleware       |
-----------------|--------|------------------------------------------------------|-------------------------------------------------------------------------------|---------------------------------------
| 127.0.0.1:8001 | POST   | /api/subscription/v1/delete                          | SentinelOps/internal/controller/subscription.(*ControllerV1).Delete           | middleware.CORSMiddleware            |
|                |        |                                                      |                                                                               | middleware.ResponseMiddleware        |
|                |        |                                                      |                                                                               | middleware.jwtMiddleware.1           |
|                |        |                                                      |                                                                               | middleware.AuthorizationMiddleware.1 |
|                |        |                                                      |                                                                               | middleware.RateLimitMiddleware       |
-----------------|--------|------------------------------------------------------|-------------------------------------------------------------------------------|---------------------------------------
| 127.0.0.1:8001 | POST   | /api/subscription/v1/fetch                           | SentinelOps/internal/controller/subscription.(*ControllerV1).Fetch            | middleware.CORSMiddleware            |
|                |        |                                                      |                                                                               | middleware.ResponseMiddleware        |
|                |        |                                                      |                                                                               | middleware.jwtMiddleware.1           |
|                |        |                                                      |                                                                               | middleware.AuthorizationMiddleware.1 |
|                |        |                                                      |                                                                               | middleware.RateLimitMiddleware       |
-----------------|--------|------------------------------------------------------|-------------------------------------------------------------------------------|---------------------------------------
| 127.0.0.1:8001 | GET    | /api/subscription/v1/fetch_stats                     | SentinelOps/internal/controller/subscription.(*ControllerV1).FetchStats       | middleware.CORSMiddleware            |
|                |        |                                                      |                                                                               | middleware.ResponseMiddleware        |
|                |        |                                                      |                                                                               | middleware.jwtMiddleware.1           |
|                |        |                                                      |                                                                               | middleware.AuthorizationMiddleware.1 |
|                |        |                                                      |                                                                               | middleware.RateLimitMiddleware       |
-----------------|--------|------------------------------------------------------|-------------------------------------------------------------------------------|---------------------------------------
| 127.0.0.1:8001 | GET    | /api/subscription/v1/list                            | SentinelOps/internal/controller/subscription.(*ControllerV1).List             | middleware.CORSMiddleware            |
|                |        |                                                      |                                                                               | middleware.ResponseMiddleware        |
|                |        |                                                      |                                                                               | middleware.jwtMiddleware.1           |
|                |        |                                                      |                                                                               | middleware.AuthorizationMiddleware.1 |
|                |        |                                                      |                                                                               | middleware.RateLimitMiddleware       |
-----------------|--------|------------------------------------------------------|-------------------------------------------------------------------------------|---------------------------------------
| 127.0.0.1:8001 | GET    | /api/subscription/v1/logs                            | SentinelOps/internal/controller/subscription.(*ControllerV1).Logs             | middleware.CORSMiddleware            |
|                |        |                                                      |                                                                               | middleware.ResponseMiddleware        |
|                |        |                                                      |                                                                               | middleware.jwtMiddleware.1           |
|                |        |                                                      |                                                                               | middleware.AuthorizationMiddleware.1 |
|                |        |                                                      |                                                                               | middleware.RateLimitMiddleware       |
-----------------|--------|------------------------------------------------------|-------------------------------------------------------------------------------|---------------------------------------
| 127.0.0.1:8001 | POST   | /api/subscription/v1/pause                           | SentinelOps/internal/controller/subscription.(*ControllerV1).Pause            | middleware.CORSMiddleware            |
|                |        |                                                      |                                                                               | middleware.ResponseMiddleware        |
|                |        |                                                      |                                                                               | middleware.jwtMiddleware.1           |
|                |        |                                                      |                                                                               | middleware.AuthorizationMiddleware.1 |
|                |        |                                                      |                                                                               | middleware.RateLimitMiddleware       |
-----------------|--------|------------------------------------------------------|-------------------------------------------------------------------------------|---------------------------------------
| 127.0.0.1:8001 | POST   | /api/subscription/v1/resume                          | SentinelOps/internal/controller/subscription.(*ControllerV1).Resume           | middleware.CORSMiddleware            |
|                |        |                                                      |                                                                               | middleware.ResponseMiddleware        |
|                |        |                                                      |                                                                               | middleware.jwtMiddleware.1           |
|                |        |                                                      |                                                                               | middleware.AuthorizationMiddleware.1 |
|                |        |                                                      |                                                                               | middleware.RateLimitMiddleware       |
-----------------|--------|------------------------------------------------------|-------------------------------------------------------------------------------|---------------------------------------
| 127.0.0.1:8001 | POST   | /api/subscription/v1/update                          | SentinelOps/internal/controller/subscription.(*ControllerV1).Update           | middleware.CORSMiddleware            |
|                |        |                                                      |                                                                               | middleware.ResponseMiddleware        |
|                |        |                                                      |                                                                               | middleware.jwtMiddleware.1           |
|                |        |                                                      |                                                                               | middleware.AuthorizationMiddleware.1 |
|                |        |                                                      |                                                                               | middleware.RateLimitMiddleware       |
-----------------|--------|------------------------------------------------------|-------------------------------------------------------------------------------|---------------------------------------
| 127.0.0.1:8001 | POST   | /api/term_mapping/v1/create                          | SentinelOps/internal/controller/term_mapping.(*ControllerV1).Create           | middleware.CORSMiddleware            |
|                |        |                                                      |                                                                               | middleware.ResponseMiddleware        |
|                |        |                                                      |                                                                               | middleware.jwtMiddleware.1           |
|                |        |                                                      |                                                                               | middleware.AuthorizationMiddleware.1 |
|                |        |                                                      |                                                                               | middleware.RateLimitMiddleware       |
-----------------|--------|------------------------------------------------------|-------------------------------------------------------------------------------|---------------------------------------
| 127.0.0.1:8001 | POST   | /api/term_mapping/v1/delete                          | SentinelOps/internal/controller/term_mapping.(*ControllerV1).Delete           | middleware.CORSMiddleware            |
|                |        |                                                      |                                                                               | middleware.ResponseMiddleware        |
|                |        |                                                      |                                                                               | middleware.jwtMiddleware.1           |
|                |        |                                                      |                                                                               | middleware.AuthorizationMiddleware.1 |
|                |        |                                                      |                                                                               | middleware.RateLimitMiddleware       |
-----------------|--------|------------------------------------------------------|-------------------------------------------------------------------------------|---------------------------------------
| 127.0.0.1:8001 | GET    | /api/term_mapping/v1/list                            | SentinelOps/internal/controller/term_mapping.(*ControllerV1).List             | middleware.CORSMiddleware            |
|                |        |                                                      |                                                                               | middleware.ResponseMiddleware        |
|                |        |                                                      |                                                                               | middleware.jwtMiddleware.1           |
|                |        |                                                      |                                                                               | middleware.AuthorizationMiddleware.1 |
|                |        |                                                      |                                                                               | middleware.RateLimitMiddleware       |
-----------------|--------|------------------------------------------------------|-------------------------------------------------------------------------------|---------------------------------------
| 127.0.0.1:8001 | POST   | /api/term_mapping/v1/reload                          | SentinelOps/internal/controller/term_mapping.(*ControllerV1).Reload           | middleware.CORSMiddleware            |
|                |        |                                                      |                                                                               | middleware.ResponseMiddleware        |
|                |        |                                                      |                                                                               | middleware.jwtMiddleware.1           |
|                |        |                                                      |                                                                               | middleware.AuthorizationMiddleware.1 |
|                |        |                                                      |                                                                               | middleware.RateLimitMiddleware       |
-----------------|--------|------------------------------------------------------|-------------------------------------------------------------------------------|---------------------------------------
| 127.0.0.1:8001 | POST   | /api/term_mapping/v1/update                          | SentinelOps/internal/controller/term_mapping.(*ControllerV1).Update           | middleware.CORSMiddleware            |
|                |        |                                                      |                                                                               | middleware.ResponseMiddleware        |
|                |        |                                                      |                                                                               | middleware.jwtMiddleware.1           |
|                |        |                                                      |                                                                               | middleware.AuthorizationMiddleware.1 |
|                |        |                                                      |                                                                               | middleware.RateLimitMiddleware       |
-----------------|--------|------------------------------------------------------|-------------------------------------------------------------------------------|---------------------------------------
| 127.0.0.1:8001 | DELETE | /api/trace/v1/batch_delete                           | SentinelOps/internal/controller/trace.(*ControllerV1).BatchDelete             | middleware.CORSMiddleware            |
|                |        |                                                      |                                                                               | middleware.ResponseMiddleware        |
|                |        |                                                      |                                                                               | middleware.jwtMiddleware.1           |
|                |        |                                                      |                                                                               | middleware.AuthorizationMiddleware.1 |
|                |        |                                                      |                                                                               | middleware.RateLimitMiddleware       |
-----------------|--------|------------------------------------------------------|-------------------------------------------------------------------------------|---------------------------------------
| 127.0.0.1:8001 | GET    | /api/trace/v1/cost/overview                          | SentinelOps/internal/controller/trace.(*ControllerV1).CostOverview            | middleware.CORSMiddleware            |
|                |        |                                                      |                                                                               | middleware.ResponseMiddleware        |
|                |        |                                                      |                                                                               | middleware.jwtMiddleware.1           |
|                |        |                                                      |                                                                               | middleware.AuthorizationMiddleware.1 |
|                |        |                                                      |                                                                               | middleware.RateLimitMiddleware       |
-----------------|--------|------------------------------------------------------|-------------------------------------------------------------------------------|---------------------------------------
| 127.0.0.1:8001 | GET    | /api/trace/v1/cost/token_trend                       | SentinelOps/internal/controller/trace.(*ControllerV1).TokenTrend              | middleware.CORSMiddleware            |
|                |        |                                                      |                                                                               | middleware.ResponseMiddleware        |
|                |        |                                                      |                                                                               | middleware.jwtMiddleware.1           |
|                |        |                                                      |                                                                               | middleware.AuthorizationMiddleware.1 |
|                |        |                                                      |                                                                               | middleware.RateLimitMiddleware       |
-----------------|--------|------------------------------------------------------|-------------------------------------------------------------------------------|---------------------------------------
| 127.0.0.1:8001 | GET    | /api/trace/v1/detail                                 | SentinelOps/internal/controller/trace.(*ControllerV1).Detail                  | middleware.CORSMiddleware            |
|                |        |                                                      |                                                                               | middleware.ResponseMiddleware        |
|                |        |                                                      |                                                                               | middleware.jwtMiddleware.1           |
|                |        |                                                      |                                                                               | middleware.AuthorizationMiddleware.1 |
|                |        |                                                      |                                                                               | middleware.RateLimitMiddleware       |
-----------------|--------|------------------------------------------------------|-------------------------------------------------------------------------------|---------------------------------------
| 127.0.0.1:8001 | GET    | /api/trace/v1/export                                 | SentinelOps/internal/controller/trace.(*ControllerV1).Export                  | middleware.CORSMiddleware            |
|                |        |                                                      |                                                                               | middleware.ResponseMiddleware        |
|                |        |                                                      |                                                                               | middleware.jwtMiddleware.1           |
|                |        |                                                      |                                                                               | middleware.AuthorizationMiddleware.1 |
|                |        |                                                      |                                                                               | middleware.RateLimitMiddleware       |
-----------------|--------|------------------------------------------------------|-------------------------------------------------------------------------------|---------------------------------------
| 127.0.0.1:8001 | GET    | /api/trace/v1/export_session_snapshot                | SentinelOps/internal/controller/trace.(*ControllerV1).ExportSessionSnapshot   | middleware.CORSMiddleware            |
|                |        |                                                      |                                                                               | middleware.ResponseMiddleware        |
|                |        |                                                      |                                                                               | middleware.jwtMiddleware.1           |
|                |        |                                                      |                                                                               | middleware.AuthorizationMiddleware.1 |
|                |        |                                                      |                                                                               | middleware.RateLimitMiddleware       |
-----------------|--------|------------------------------------------------------|-------------------------------------------------------------------------------|---------------------------------------
| 127.0.0.1:8001 | GET    | /api/trace/v1/list                                   | SentinelOps/internal/controller/trace.(*ControllerV1).List                    | middleware.CORSMiddleware            |
|                |        |                                                      |                                                                               | middleware.ResponseMiddleware        |
|                |        |                                                      |                                                                               | middleware.jwtMiddleware.1           |
|                |        |                                                      |                                                                               | middleware.AuthorizationMiddleware.1 |
|                |        |                                                      |                                                                               | middleware.RateLimitMiddleware       |
-----------------|--------|------------------------------------------------------|-------------------------------------------------------------------------------|---------------------------------------
| 127.0.0.1:8001 | GET    | /api/trace/v1/session_timeline                       | SentinelOps/internal/controller/trace.(*ControllerV1).SessionTimeline         | middleware.CORSMiddleware            |
|                |        |                                                      |                                                                               | middleware.ResponseMiddleware        |
|                |        |                                                      |                                                                               | middleware.jwtMiddleware.1           |
|                |        |                                                      |                                                                               | middleware.AuthorizationMiddleware.1 |
|                |        |                                                      |                                                                               | middleware.RateLimitMiddleware       |
-----------------|--------|------------------------------------------------------|-------------------------------------------------------------------------------|---------------------------------------
| 127.0.0.1:8001 | GET    | /api/trace/v1/stats                                  | SentinelOps/internal/controller/trace.(*ControllerV1).Stats                   | middleware.CORSMiddleware            |
|                |        |                                                      |                                                                               | middleware.ResponseMiddleware        |
|                |        |                                                      |                                                                               | middleware.jwtMiddleware.1           |
|                |        |                                                      |                                                                               | middleware.AuthorizationMiddleware.1 |
|                |        |                                                      |                                                                               | middleware.RateLimitMiddleware       |
-----------------|--------|------------------------------------------------------|-------------------------------------------------------------------------------|---------------------------------------
| 127.0.0.1:8001 | POST   | /api/upload                                          | SentinelOps/internal/controller/chat.(*ControllerV1).FileUpload               | middleware.CORSMiddleware            |
|                |        |                                                      |                                                                               | middleware.ResponseMiddleware        |
|                |        |                                                      |                                                                               | middleware.jwtMiddleware.1           |
|                |        |                                                      |                                                                               | middleware.AuthorizationMiddleware.1 |
|                |        |                                                      |                                                                               | middleware.RateLimitMiddleware       |
-----------------|--------|------------------------------------------------------|-------------------------------------------------------------------------------|---------------------------------------
| 127.0.0.1:8001 | ALL    | /swagger/*                                           | github.com/gogf/gf/v2/net/ghttp.(*Server).swaggerUI                           | HOOK_BEFORE_SERVE                    |
-----------------|--------|------------------------------------------------------|-------------------------------------------------------------------------------|---------------------------------------


2026/09/12 12:18:54 /home/monody/project/SentinelOps/internal/service/runtime/service.go:380 context canceled
[1.685ms] [rows:0] SELECT * FROM `workflow_events` WHERE run_id = '16552e81-d1fa-4432-8176-f767a204e83f' ORDER BY seq DESC,`workflow_events`.`id` LIMIT 1

2026/09/12 12:18:54 /home/monody/project/SentinelOps/internal/service/runtime/service.go:381 context canceled
[0.021ms] [rows:0] SELECT * FROM `workflow_checkpoints` WHERE run_id = '16552e81-d1fa-4432-8176-f767a204e83f' AND `workflow_checkpoints`.`deleted_at` IS NULL ORDER BY committed_at DESC, created_at DESC,`workflow_checkpoints`.`id` LIMIT 1

2026/09/12 12:18:54 /home/monody/project/SentinelOps/internal/service/runtime/service.go:382 context canceled
[0.007ms] [rows:0] SELECT * FROM `session_state_revisions` WHERE session_id = 'phase-f-browser-a7b21050-a032-4313-b9cd-e065ddc0554c' AND `session_state_revisions`.`deleted_at` IS NULL ORDER BY revision DESC,`session_state_revisions`.`id` LIMIT 1

2026/09/12 12:18:54 /home/monody/project/SentinelOps/internal/service/runtime/service.go:384 context canceled
[0.006ms] [rows:0] SELECT * FROM `runtime_worker_snapshots` WHERE worker_id = 'phase-f-host-worker' ORDER BY `runtime_worker_snapshots`.`worker_id` LIMIT 1

2026/09/12 12:18:54 /home/monody/project/SentinelOps/internal/service/runtime/service.go:387 context canceled
[0.004ms] [rows:0] SELECT * FROM `runtime_worker_snapshots` WHERE worker_id = 'phase-f-host-worker' ORDER BY `runtime_worker_snapshots`.`worker_id` LIMIT 1

2026/09/12 12:18:54 /home/monody/project/SentinelOps/internal/dao/mysql/setting.go:75 context canceled
[0.005ms] [rows:0] SELECT * FROM `settings` WHERE `key` IN ('agent_runtime.enabled','agent_runtime.accept_new_runs','agent_runtime.shadow_mode','agent_runtime.l1_writes','agent_runtime.l2_writes','agent_runtime.admin_query_database_debug','mcp.enabled','skill.enabled','langfuse.enabled')

2026/09/12 12:18:57 /home/monody/project/SentinelOps/internal/service/runtime/service.go:379 context canceled
[0.035ms] [rows:0] SELECT * FROM `workflow_attempts` WHERE run_id = '16552e81-d1fa-4432-8176-f767a204e83f' ORDER BY attempt DESC,`workflow_attempts`.`id` LIMIT 1

2026/09/12 12:18:57 /home/monody/project/SentinelOps/internal/service/runtime/service.go:380 context canceled
[0.013ms] [rows:0] SELECT * FROM `workflow_events` WHERE run_id = '16552e81-d1fa-4432-8176-f767a204e83f' ORDER BY seq DESC,`workflow_events`.`id` LIMIT 1

2026/09/12 12:18:57 /home/monody/project/SentinelOps/internal/service/runtime/service.go:381 context canceled
[0.013ms] [rows:0] SELECT * FROM `workflow_checkpoints` WHERE run_id = '16552e81-d1fa-4432-8176-f767a204e83f' AND `workflow_checkpoints`.`deleted_at` IS NULL ORDER BY committed_at DESC, created_at DESC,`workflow_checkpoints`.`id` LIMIT 1

2026/09/12 12:18:57 /home/monody/project/SentinelOps/internal/service/runtime/service.go:382 context canceled
[0.014ms] [rows:0] SELECT * FROM `session_state_revisions` WHERE session_id = 'phase-f-browser-a7b21050-a032-4313-b9cd-e065ddc0554c' AND `session_state_revisions`.`deleted_at` IS NULL ORDER BY revision DESC,`session_state_revisions`.`id` LIMIT 1

2026/09/12 12:18:57 /home/monody/project/SentinelOps/internal/service/runtime/service.go:384 context canceled
[0.011ms] [rows:0] SELECT * FROM `runtime_worker_snapshots` WHERE worker_id = 'phase-f-host-worker' ORDER BY `runtime_worker_snapshots`.`worker_id` LIMIT 1

2026/09/12 12:18:57 /home/monody/project/SentinelOps/internal/dao/mysql/setting.go:75 context canceled
[0.011ms] [rows:0] SELECT * FROM `settings` WHERE `key` IN ('agent_runtime.enabled','agent_runtime.accept_new_runs','agent_runtime.shadow_mode','agent_runtime.l1_writes','agent_runtime.l2_writes','agent_runtime.admin_query_database_debug','mcp.enabled','skill.enabled','langfuse.enabled')

2026/09/12 12:18:59 /home/monody/project/SentinelOps/internal/dao/mysql/setting.go:75 context canceled
[0.666ms] [rows:0] SELECT * FROM `settings` WHERE `key` IN ('agent_runtime.enabled','agent_runtime.accept_new_runs','agent_runtime.shadow_mode','agent_runtime.l1_writes','agent_runtime.l2_writes','agent_runtime.admin_query_database_debug','mcp.enabled','skill.enabled','langfuse.enabled')

2026/09/12 12:19:00 /home/monody/project/SentinelOps/internal/dao/mysql/runtime_query.go:252 context canceled
[0.315ms] [rows:0] SELECT id, workflow_key, user_id, session_id, parent_run_id, active_session_key, status, available_at, priority, runtime_mode, attempt, max_attempts, lease_owner, lease_until, lease_generation, heartbeat_at, immutable_input_json, query_text, context_snapshot_json, session_revision, checkpoint_id, interrupt_address, recovery_mode, runtime_version, runtime_compatibility_hash, agent_revision, model_snapshot, tool_snapshot, mcp_catalog_hash, skill_snapshot, prompt_hash, policy_hash, config_hash, feature_snapshot, budget_limits_json, budget_usage_json, budget_reservations_json, usage_quality, trace_quality, last_event_seq, cancel_requested_at, park_reason, input_payload, output_payload, error_message, started_at, finished_at, duration_ms, created_at, updated_at, deleted_at, CASE WHEN immutable_input_json IS NULL OR immutable_input_json = '' THEN '' WHEN JSON_VALID(immutable_input_json) THEN COALESCE(JSON_UNQUOTE(JSON_EXTRACT(immutable_input_json, '$.agent')), '') ELSE '' END AS runtime_agent, CASE WHEN immutable_input_json IS NULL OR immutable_input_json = '' THEN 'missing' WHEN JSON_VALID(immutable_input_json) THEN 'complete' ELSE 'partial' END AS runtime_agent_quality, CASE WHEN query_text IS NULL OR query_text = '' THEN '' ELSE SHA2(query_text, 256) END AS query_hash FROM `workflow_runs` WHERE id = '16552e81-d1fa-4432-8176-f767a204e83f' AND runtime_mode = 'durable_v1' AND `workflow_runs`.`deleted_at` IS NULL ORDER BY `workflow_runs`.`id` LIMIT 1
2026-09-12T12:19:00.201+08:00 {fa3e8256dc77d41835bbc7491a2cd81c} 500 "GET http localhost:8001 /api/runtime/v1/runs/16552e81-d1fa-4432-8176-f767a204e83f HTTP/1.1" 740.723, 127.0.0.1, "http://127.0.0.1:5174/runtime/runs/16552e81-d1fa-4432-8176-f767a204e83f", "Mozilla/5.0 (Windows NT 10.0; Win64; x64) AppleWebKit/537.36 (KHTML, like Gecko) Chrome/151.0.7922.34 Safari/537.36", -1, "", ""
Stack:
RUNTIME_INTERNAL: internal runtime failure

2026/09/12 12:19:06 /home/monody/project/SentinelOps/internal/service/runtime/timeline.go:63 context canceled
[0.972ms] [rows:0] SELECT * FROM `workflow_events` WHERE run_id = '16552e81-d1fa-4432-8176-f767a204e83f' ORDER BY seq DESC
2026-09-12T12:19:06.968+08:00 {8fa4b0e9dd77d4184bbbc749e35e9ebd} 500 "GET http localhost:8001 /api/runtime/v1/runs/16552e81-d1fa-4432-8176-f767a204e83f/timeline?page=1&page_size=50 HTTP/1.1" 3540.357, 127.0.0.1, "http://127.0.0.1:5174/runtime/runs/16552e81-d1fa-4432-8176-f767a204e83f", "Mozilla/5.0 (Windows NT 10.0; Win64; x64) AppleWebKit/537.36 (KHTML, like Gecko) Chrome/151.0.7922.34 Safari/537.36", -1, "", ""
Stack:
RUNTIME_INTERNAL: internal runtime failure

2026/09/12 12:19:45 /home/monody/project/SentinelOps/internal/service/runtime/service.go:379 context canceled
[1.151ms] [rows:0] SELECT * FROM `workflow_attempts` WHERE run_id = '89ed31bc-8f92-4b0f-ba53-fd3f25d069f4' ORDER BY attempt DESC,`workflow_attempts`.`id` LIMIT 1

2026/09/12 12:19:45 /home/monody/project/SentinelOps/internal/service/runtime/service.go:380 context canceled
[0.013ms] [rows:0] SELECT * FROM `workflow_events` WHERE run_id = '89ed31bc-8f92-4b0f-ba53-fd3f25d069f4' ORDER BY seq DESC,`workflow_events`.`id` LIMIT 1

2026/09/12 12:19:45 /home/monody/project/SentinelOps/internal/service/runtime/service.go:381 context canceled
[0.010ms] [rows:0] SELECT * FROM `workflow_checkpoints` WHERE run_id = '89ed31bc-8f92-4b0f-ba53-fd3f25d069f4' AND `workflow_checkpoints`.`deleted_at` IS NULL ORDER BY committed_at DESC, created_at DESC,`workflow_checkpoints`.`id` LIMIT 1

2026/09/12 12:19:45 /home/monody/project/SentinelOps/internal/service/runtime/service.go:382 context canceled
[0.005ms] [rows:0] SELECT * FROM `session_state_revisions` WHERE session_id = 'phase-f-browser-1c1d45be-6104-4a89-8c75-8b3c7be91744' AND `session_state_revisions`.`deleted_at` IS NULL ORDER BY revision DESC,`session_state_revisions`.`id` LIMIT 1

2026/09/12 12:19:45 /home/monody/project/SentinelOps/internal/service/runtime/service.go:384 context canceled
[0.005ms] [rows:0] SELECT * FROM `runtime_worker_snapshots` WHERE worker_id = 'phase-f-host-worker' ORDER BY `runtime_worker_snapshots`.`worker_id` LIMIT 1

2026/09/12 12:19:45 /home/monody/project/SentinelOps/internal/dao/mysql/setting.go:75 context canceled
[0.005ms] [rows:0] SELECT * FROM `settings` WHERE `key` IN ('agent_runtime.enabled','agent_runtime.accept_new_runs','agent_runtime.shadow_mode','agent_runtime.l1_writes','agent_runtime.l2_writes','agent_runtime.admin_query_database_debug','mcp.enabled','skill.enabled','langfuse.enabled')

2026/09/12 12:19:45 /home/monody/project/SentinelOps/internal/service/runtime/service.go:380 context canceled
[0.889ms] [rows:0] SELECT * FROM `workflow_events` WHERE run_id = '89ed31bc-8f92-4b0f-ba53-fd3f25d069f4' ORDER BY seq DESC,`workflow_events`.`id` LIMIT 1

2026/09/12 12:19:45 /home/monody/project/SentinelOps/internal/service/runtime/service.go:381 context canceled
[0.015ms] [rows:0] SELECT * FROM `workflow_checkpoints` WHERE run_id = '89ed31bc-8f92-4b0f-ba53-fd3f25d069f4' AND `workflow_checkpoints`.`deleted_at` IS NULL ORDER BY committed_at DESC, created_at DESC,`workflow_checkpoints`.`id` LIMIT 1

2026/09/12 12:19:45 /home/monody/project/SentinelOps/internal/service/runtime/service.go:382 context canceled
[0.005ms] [rows:0] SELECT * FROM `session_state_revisions` WHERE session_id = 'phase-f-browser-1c1d45be-6104-4a89-8c75-8b3c7be91744' AND `session_state_revisions`.`deleted_at` IS NULL ORDER BY revision DESC,`session_state_revisions`.`id` LIMIT 1

2026/09/12 12:19:45 /home/monody/project/SentinelOps/internal/service/runtime/service.go:384 context canceled
[0.004ms] [rows:0] SELECT * FROM `runtime_worker_snapshots` WHERE worker_id = 'phase-f-host-worker' ORDER BY `runtime_worker_snapshots`.`worker_id` LIMIT 1

2026/09/12 12:19:45 /home/monody/project/SentinelOps/internal/service/runtime/service.go:387 context canceled
[0.002ms] [rows:0] SELECT * FROM `runtime_worker_snapshots` WHERE worker_id = 'phase-f-host-worker' ORDER BY `runtime_worker_snapshots`.`worker_id` LIMIT 1

2026/09/12 12:19:45 /home/monody/project/SentinelOps/internal/dao/mysql/setting.go:75 context canceled
[0.005ms] [rows:0] SELECT * FROM `settings` WHERE `key` IN ('agent_runtime.enabled','agent_runtime.accept_new_runs','agent_runtime.shadow_mode','agent_runtime.l1_writes','agent_runtime.l2_writes','agent_runtime.admin_query_database_debug','mcp.enabled','skill.enabled','langfuse.enabled')

2026/09/12 12:19:50 /home/monody/project/SentinelOps/internal/dao/mysql/setting.go:75 context canceled
[2.004ms] [rows:0] SELECT * FROM `settings` WHERE `key` IN ('agent_runtime.enabled','agent_runtime.accept_new_runs','agent_runtime.shadow_mode','agent_runtime.l1_writes','agent_runtime.l2_writes','agent_runtime.admin_query_database_debug','mcp.enabled','skill.enabled','langfuse.enabled')

2026/09/12 12:19:50 /home/monody/project/SentinelOps/internal/service/runtime/service.go:380 context canceled
[1.110ms] [rows:0] SELECT * FROM `workflow_events` WHERE run_id = '89ed31bc-8f92-4b0f-ba53-fd3f25d069f4' ORDER BY seq DESC,`workflow_events`.`id` LIMIT 1

2026/09/12 12:19:50 /home/monody/project/SentinelOps/internal/service/runtime/service.go:381 context canceled
[0.015ms] [rows:0] SELECT * FROM `workflow_checkpoints` WHERE run_id = '89ed31bc-8f92-4b0f-ba53-fd3f25d069f4' AND `workflow_checkpoints`.`deleted_at` IS NULL ORDER BY committed_at DESC, created_at DESC,`workflow_checkpoints`.`id` LIMIT 1

2026/09/12 12:19:50 /home/monody/project/SentinelOps/internal/service/runtime/service.go:382 context canceled
[0.004ms] [rows:0] SELECT * FROM `session_state_revisions` WHERE session_id = 'phase-f-browser-1c1d45be-6104-4a89-8c75-8b3c7be91744' AND `session_state_revisions`.`deleted_at` IS NULL ORDER BY revision DESC,`session_state_revisions`.`id` LIMIT 1

2026/09/12 12:19:50 /home/monody/project/SentinelOps/internal/service/runtime/service.go:384 context canceled
[0.005ms] [rows:0] SELECT * FROM `runtime_worker_snapshots` WHERE worker_id = 'phase-f-host-worker' ORDER BY `runtime_worker_snapshots`.`worker_id` LIMIT 1

2026/09/12 12:19:50 /home/monody/project/SentinelOps/internal/service/runtime/service.go:387 context canceled
[0.004ms] [rows:0] SELECT * FROM `runtime_worker_snapshots` WHERE worker_id = 'phase-f-host-worker' ORDER BY `runtime_worker_snapshots`.`worker_id` LIMIT 1

2026/09/12 12:19:50 /home/monody/project/SentinelOps/internal/dao/mysql/setting.go:75 context canceled
[0.005ms] [rows:0] SELECT * FROM `settings` WHERE `key` IN ('agent_runtime.enabled','agent_runtime.accept_new_runs','agent_runtime.shadow_mode','agent_runtime.l1_writes','agent_runtime.l2_writes','agent_runtime.admin_query_database_debug','mcp.enabled','skill.enabled','langfuse.enabled')

2026/09/12 12:19:51 /home/monody/project/SentinelOps/internal/dao/mysql/setting.go:75 context canceled
[0.454ms] [rows:0] SELECT * FROM `settings` WHERE `key` IN ('agent_runtime.enabled','agent_runtime.accept_new_runs','agent_runtime.shadow_mode','agent_runtime.l1_writes','agent_runtime.l2_writes','agent_runtime.admin_query_database_debug','mcp.enabled','skill.enabled','langfuse.enabled')

2026/09/12 12:19:52 /home/monody/project/SentinelOps/internal/dao/mysql/runtime_query.go:252 context canceled
[0.041ms] [rows:0] SELECT id, workflow_key, user_id, session_id, parent_run_id, active_session_key, status, available_at, priority, runtime_mode, attempt, max_attempts, lease_owner, lease_until, lease_generation, heartbeat_at, immutable_input_json, query_text, context_snapshot_json, session_revision, checkpoint_id, interrupt_address, recovery_mode, runtime_version, runtime_compatibility_hash, agent_revision, model_snapshot, tool_snapshot, mcp_catalog_hash, skill_snapshot, prompt_hash, policy_hash, config_hash, feature_snapshot, budget_limits_json, budget_usage_json, budget_reservations_json, usage_quality, trace_quality, last_event_seq, cancel_requested_at, park_reason, input_payload, output_payload, error_message, started_at, finished_at, duration_ms, created_at, updated_at, deleted_at, CASE WHEN immutable_input_json IS NULL OR immutable_input_json = '' THEN '' WHEN JSON_VALID(immutable_input_json) THEN COALESCE(JSON_UNQUOTE(JSON_EXTRACT(immutable_input_json, '$.agent')), '') ELSE '' END AS runtime_agent, CASE WHEN immutable_input_json IS NULL OR immutable_input_json = '' THEN 'missing' WHEN JSON_VALID(immutable_input_json) THEN 'complete' ELSE 'partial' END AS runtime_agent_quality, CASE WHEN query_text IS NULL OR query_text = '' THEN '' ELSE SHA2(query_text, 256) END AS query_hash FROM `workflow_runs` WHERE id = '89ed31bc-8f92-4b0f-ba53-fd3f25d069f4' AND runtime_mode = 'durable_v1' AND `workflow_runs`.`deleted_at` IS NULL ORDER BY `workflow_runs`.`id` LIMIT 1
2026-09-12T12:19:52.141+08:00 {a81c616ee877d418c3bbc749163cc977} 500 "GET http localhost:8001 /api/runtime/v1/runs/89ed31bc-8f92-4b0f-ba53-fd3f25d069f4 HTTP/1.1" 443.203, 127.0.0.1, "http://127.0.0.1:5174/runtime/runs/89ed31bc-8f92-4b0f-ba53-fd3f25d069f4", "Mozilla/5.0 (Windows NT 10.0; Win64; x64) AppleWebKit/537.36 (KHTML, like Gecko) Chrome/151.0.7922.34 Safari/537.36", -1, "", ""
Stack:
RUNTIME_INTERNAL: internal runtime failure

2026/09/12 16:42:16 /home/monody/project/SentinelOps/internal/dao/mysql/setting.go:75 context canceled
[1.463ms] [rows:0] SELECT * FROM `settings` WHERE `key` IN ('agent_runtime.enabled','agent_runtime.accept_new_runs','agent_runtime.shadow_mode','agent_runtime.l1_writes','agent_runtime.l2_writes','agent_runtime.admin_query_database_debug','mcp.enabled','skill.enabled','langfuse.enabled')

2026/09/12 16:42:20 /home/monody/project/SentinelOps/internal/dao/mysql/runtime_query.go:252 context canceled
[1.459ms] [rows:0] SELECT id, workflow_key, user_id, session_id, parent_run_id, active_session_key, status, available_at, priority, runtime_mode, attempt, max_attempts, lease_owner, lease_until, lease_generation, heartbeat_at, immutable_input_json, query_text, context_snapshot_json, session_revision, checkpoint_id, interrupt_address, recovery_mode, runtime_version, runtime_compatibility_hash, agent_revision, model_snapshot, tool_snapshot, mcp_catalog_hash, skill_snapshot, prompt_hash, policy_hash, config_hash, feature_snapshot, budget_limits_json, budget_usage_json, budget_reservations_json, usage_quality, trace_quality, last_event_seq, cancel_requested_at, park_reason, input_payload, output_payload, error_message, started_at, finished_at, duration_ms, created_at, updated_at, deleted_at, CASE WHEN immutable_input_json IS NULL OR immutable_input_json = '' THEN '' WHEN JSON_VALID(immutable_input_json) THEN COALESCE(JSON_UNQUOTE(JSON_EXTRACT(immutable_input_json, '$.agent')), '') ELSE '' END AS runtime_agent, CASE WHEN immutable_input_json IS NULL OR immutable_input_json = '' THEN 'missing' WHEN JSON_VALID(immutable_input_json) THEN 'complete' ELSE 'partial' END AS runtime_agent_quality, CASE WHEN query_text IS NULL OR query_text = '' THEN '' ELSE SHA2(query_text, 256) END AS query_hash FROM `workflow_runs` WHERE id = '8cb5c7e8-ed8d-401d-b1bc-2a9c454bd7b7' AND runtime_mode = 'durable_v1' AND `workflow_runs`.`deleted_at` IS NULL ORDER BY `workflow_runs`.`id` LIMIT 1
2026-09-12T16:42:20.513+08:00 {38bd68223b86d41834bcc749871064e4} 500 "GET http localhost:8001 /api/runtime/v1/runs/8cb5c7e8-ed8d-401d-b1bc-2a9c454bd7b7/timeline?page=1&page_size=50 HTTP/1.1" 1952.793, 127.0.0.1, "http://127.0.0.1:5174/runtime/runs/8cb5c7e8-ed8d-401d-b1bc-2a9c454bd7b7", "Mozilla/5.0 (Windows NT 10.0; Win64; x64) AppleWebKit/537.36 (KHTML, like Gecko) Chrome/151.0.7922.34 Safari/537.36", -1, "", ""
Stack:
RUNTIME_INTERNAL: internal runtime failure

2026/09/12 16:42:21 /home/monody/project/SentinelOps/internal/dao/mysql/runtime_query.go:252 context canceled
[0.287ms] [rows:0] SELECT id, workflow_key, user_id, session_id, parent_run_id, active_session_key, status, available_at, priority, runtime_mode, attempt, max_attempts, lease_owner, lease_until, lease_generation, heartbeat_at, immutable_input_json, query_text, context_snapshot_json, session_revision, checkpoint_id, interrupt_address, recovery_mode, runtime_version, runtime_compatibility_hash, agent_revision, model_snapshot, tool_snapshot, mcp_catalog_hash, skill_snapshot, prompt_hash, policy_hash, config_hash, feature_snapshot, budget_limits_json, budget_usage_json, budget_reservations_json, usage_quality, trace_quality, last_event_seq, cancel_requested_at, park_reason, input_payload, output_payload, error_message, started_at, finished_at, duration_ms, created_at, updated_at, deleted_at, CASE WHEN immutable_input_json IS NULL OR immutable_input_json = '' THEN '' WHEN JSON_VALID(immutable_input_json) THEN COALESCE(JSON_UNQUOTE(JSON_EXTRACT(immutable_input_json, '$.agent')), '') ELSE '' END AS runtime_agent, CASE WHEN immutable_input_json IS NULL OR immutable_input_json = '' THEN 'missing' WHEN JSON_VALID(immutable_input_json) THEN 'complete' ELSE 'partial' END AS runtime_agent_quality, CASE WHEN query_text IS NULL OR query_text = '' THEN '' ELSE SHA2(query_text, 256) END AS query_hash FROM `workflow_runs` WHERE id = '8cb5c7e8-ed8d-401d-b1bc-2a9c454bd7b7' AND runtime_mode = 'durable_v1' AND `workflow_runs`.`deleted_at` IS NULL ORDER BY `workflow_runs`.`id` LIMIT 1
2026-09-12T16:42:21.131+08:00 {3cf65a473b86d41839bcc7496d64c3c9} 500 "GET http localhost:8001 /api/runtime/v1/runs/8cb5c7e8-ed8d-401d-b1bc-2a9c454bd7b7/timeline?page=1&page_size=50 HTTP/1.1" 663.698, 127.0.0.1, "http://127.0.0.1:5174/runtime/runs/8cb5c7e8-ed8d-401d-b1bc-2a9c454bd7b7", "Mozilla/5.0 (Windows NT 10.0; Win64; x64) AppleWebKit/537.36 (KHTML, like Gecko) Chrome/151.0.7922.34 Safari/537.36", -1, "", ""
Stack:
RUNTIME_INTERNAL: internal runtime failure

2026/09/12 16:42:23 /home/monody/project/SentinelOps/internal/dao/mysql/runtime_query.go:252 dial tcp 127.0.0.1:13307: operation was canceled
[0.868ms] [rows:0] SELECT id, workflow_key, user_id, session_id, parent_run_id, active_session_key, status, available_at, priority, runtime_mode, attempt, max_attempts, lease_owner, lease_until, lease_generation, heartbeat_at, immutable_input_json, query_text, context_snapshot_json, session_revision, checkpoint_id, interrupt_address, recovery_mode, runtime_version, runtime_compatibility_hash, agent_revision, model_snapshot, tool_snapshot, mcp_catalog_hash, skill_snapshot, prompt_hash, policy_hash, config_hash, feature_snapshot, budget_limits_json, budget_usage_json, budget_reservations_json, usage_quality, trace_quality, last_event_seq, cancel_requested_at, park_reason, input_payload, output_payload, error_message, started_at, finished_at, duration_ms, created_at, updated_at, deleted_at, CASE WHEN immutable_input_json IS NULL OR immutable_input_json = '' THEN '' WHEN JSON_VALID(immutable_input_json) THEN COALESCE(JSON_UNQUOTE(JSON_EXTRACT(immutable_input_json, '$.agent')), '') ELSE '' END AS runtime_agent, CASE WHEN immutable_input_json IS NULL OR immutable_input_json = '' THEN 'missing' WHEN JSON_VALID(immutable_input_json) THEN 'complete' ELSE 'partial' END AS runtime_agent_quality, CASE WHEN query_text IS NULL OR query_text = '' THEN '' ELSE SHA2(query_text, 256) END AS query_hash FROM `workflow_runs` WHERE id = '8cb5c7e8-ed8d-401d-b1bc-2a9c454bd7b7' AND runtime_mode = 'durable_v1' AND `workflow_runs`.`deleted_at` IS NULL ORDER BY `workflow_runs`.`id` LIMIT 1
2026-09-12T16:42:23.403+08:00 {bde1b0ce3b86d4184abcc749ba9783aa} 500 "GET http localhost:8001 /api/runtime/v1/runs/8cb5c7e8-ed8d-401d-b1bc-2a9c454bd7b7/timeline?page=1&page_size=50 HTTP/1.1" 1392.817, 127.0.0.1, "http://127.0.0.1:5174/runtime/runs/8cb5c7e8-ed8d-401d-b1bc-2a9c454bd7b7", "Mozilla/5.0 (Windows NT 10.0; Win64; x64) AppleWebKit/537.36 (KHTML, like Gecko) Chrome/151.0.7922.34 Safari/537.36", -1, "", ""
Stack:
RUNTIME_INTERNAL: internal runtime failure

2026/09/12 16:42:31 /home/monody/project/SentinelOps/internal/dao/mysql/runtime_query.go:252 context canceled
[0.469ms] [rows:0] SELECT id, workflow_key, user_id, session_id, parent_run_id, active_session_key, status, available_at, priority, runtime_mode, attempt, max_attempts, lease_owner, lease_until, lease_generation, heartbeat_at, immutable_input_json, query_text, context_snapshot_json, session_revision, checkpoint_id, interrupt_address, recovery_mode, runtime_version, runtime_compatibility_hash, agent_revision, model_snapshot, tool_snapshot, mcp_catalog_hash, skill_snapshot, prompt_hash, policy_hash, config_hash, feature_snapshot, budget_limits_json, budget_usage_json, budget_reservations_json, usage_quality, trace_quality, last_event_seq, cancel_requested_at, park_reason, input_payload, output_payload, error_message, started_at, finished_at, duration_ms, created_at, updated_at, deleted_at, CASE WHEN immutable_input_json IS NULL OR immutable_input_json = '' THEN '' WHEN JSON_VALID(immutable_input_json) THEN COALESCE(JSON_UNQUOTE(JSON_EXTRACT(immutable_input_json, '$.agent')), '') ELSE '' END AS runtime_agent, CASE WHEN immutable_input_json IS NULL OR immutable_input_json = '' THEN 'missing' WHEN JSON_VALID(immutable_input_json) THEN 'complete' ELSE 'partial' END AS runtime_agent_quality, CASE WHEN query_text IS NULL OR query_text = '' THEN '' ELSE SHA2(query_text, 256) END AS query_hash FROM `workflow_runs` WHERE id = '8cb5c7e8-ed8d-401d-b1bc-2a9c454bd7b7' AND runtime_mode = 'durable_v1' AND `workflow_runs`.`deleted_at` IS NULL ORDER BY `workflow_runs`.`id` LIMIT 1
2026-09-12T16:42:31.163+08:00 {bf99459d3d86d4185ebcc7498ff7532a} 500 "GET http localhost:8001 /api/runtime/v1/runs/8cb5c7e8-ed8d-401d-b1bc-2a9c454bd7b7 HTTP/1.1" 984.844, 127.0.0.1, "http://127.0.0.1:5174/runtime/runs/8cb5c7e8-ed8d-401d-b1bc-2a9c454bd7b7", "Mozilla/5.0 (Windows NT 10.0; Win64; x64) AppleWebKit/537.36 (KHTML, like Gecko) Chrome/151.0.7922.34 Safari/537.36", -1, "", ""
Stack:
RUNTIME_INTERNAL: internal runtime failure

2026/09/12 16:42:33 /home/monody/project/SentinelOps/internal/service/runtime/service.go:379 context canceled
[0.528ms] [rows:0] SELECT * FROM `workflow_attempts` WHERE run_id = '8cb5c7e8-ed8d-401d-b1bc-2a9c454bd7b7' ORDER BY attempt DESC,`workflow_attempts`.`id` LIMIT 1

2026/09/12 16:42:33 /home/monody/project/SentinelOps/internal/service/runtime/service.go:380 context canceled
[0.011ms] [rows:0] SELECT * FROM `workflow_events` WHERE run_id = '8cb5c7e8-ed8d-401d-b1bc-2a9c454bd7b7' ORDER BY seq DESC,`workflow_events`.`id` LIMIT 1

2026/09/12 16:42:33 /home/monody/project/SentinelOps/internal/service/runtime/service.go:381 context canceled
[0.008ms] [rows:0] SELECT * FROM `workflow_checkpoints` WHERE run_id = '8cb5c7e8-ed8d-401d-b1bc-2a9c454bd7b7' AND `workflow_checkpoints`.`deleted_at` IS NULL ORDER BY committed_at DESC, created_at DESC,`workflow_checkpoints`.`id` LIMIT 1

2026/09/12 16:42:33 /home/monody/project/SentinelOps/internal/service/runtime/service.go:382 context canceled
[0.005ms] [rows:0] SELECT * FROM `session_state_revisions` WHERE session_id = 'phase-f-browser-d23bd37e-d776-4a81-9df5-8827ff7a3977' AND `session_state_revisions`.`deleted_at` IS NULL ORDER BY revision DESC,`session_state_revisions`.`id` LIMIT 1

2026/09/12 16:42:33 /home/monody/project/SentinelOps/internal/dao/mysql/setting.go:75 context canceled
[0.006ms] [rows:0] SELECT * FROM `settings` WHERE `key` IN ('agent_runtime.enabled','agent_runtime.accept_new_runs','agent_runtime.shadow_mode','agent_runtime.l1_writes','agent_runtime.l2_writes','agent_runtime.admin_query_database_debug','mcp.enabled','skill.enabled','langfuse.enabled')

2026/09/12 16:43:10 /home/monody/project/SentinelOps/internal/dao/mysql/runtime_query.go:252 context canceled
[0.275ms] [rows:0] SELECT id, workflow_key, user_id, session_id, parent_run_id, active_session_key, status, available_at, priority, runtime_mode, attempt, max_attempts, lease_owner, lease_until, lease_generation, heartbeat_at, immutable_input_json, query_text, context_snapshot_json, session_revision, checkpoint_id, interrupt_address, recovery_mode, runtime_version, runtime_compatibility_hash, agent_revision, model_snapshot, tool_snapshot, mcp_catalog_hash, skill_snapshot, prompt_hash, policy_hash, config_hash, feature_snapshot, budget_limits_json, budget_usage_json, budget_reservations_json, usage_quality, trace_quality, last_event_seq, cancel_requested_at, park_reason, input_payload, output_payload, error_message, started_at, finished_at, duration_ms, created_at, updated_at, deleted_at, CASE WHEN immutable_input_json IS NULL OR immutable_input_json = '' THEN '' WHEN JSON_VALID(immutable_input_json) THEN COALESCE(JSON_UNQUOTE(JSON_EXTRACT(immutable_input_json, '$.agent')), '') ELSE '' END AS runtime_agent, CASE WHEN immutable_input_json IS NULL OR immutable_input_json = '' THEN 'missing' WHEN JSON_VALID(immutable_input_json) THEN 'complete' ELSE 'partial' END AS runtime_agent_quality, CASE WHEN query_text IS NULL OR query_text = '' THEN '' ELSE SHA2(query_text, 256) END AS query_hash FROM `workflow_runs` WHERE id = '0eeddcf4-4331-44aa-8032-1dc2ab97404a' AND runtime_mode = 'durable_v1' AND `workflow_runs`.`deleted_at` IS NULL ORDER BY `workflow_runs`.`id` LIMIT 1
2026-09-12T16:43:10.504+08:00 {4c0b2bc64686d418aebcc7498d1a0298} 500 "GET http localhost:8001 /api/runtime/v1/runs/0eeddcf4-4331-44aa-8032-1dc2ab97404a HTTP/1.1" 808.920, 127.0.0.1, "http://127.0.0.1:5174/runtime/runs/0eeddcf4-4331-44aa-8032-1dc2ab97404a", "Mozilla/5.0 (Windows NT 10.0; Win64; x64) AppleWebKit/537.36 (KHTML, like Gecko) Chrome/151.0.7922.34 Safari/537.36", -1, "", ""
Stack:
RUNTIME_INTERNAL: internal runtime failure

2026/09/12 16:43:17 /home/monody/project/SentinelOps/internal/service/runtime/service.go:379 context canceled
[0.015ms] [rows:0] SELECT * FROM `workflow_attempts` WHERE run_id = '0eeddcf4-4331-44aa-8032-1dc2ab97404a' ORDER BY attempt DESC,`workflow_attempts`.`id` LIMIT 1

2026/09/12 16:43:17 /home/monody/project/SentinelOps/internal/service/runtime/service.go:380 context canceled
[0.007ms] [rows:0] SELECT * FROM `workflow_events` WHERE run_id = '0eeddcf4-4331-44aa-8032-1dc2ab97404a' ORDER BY seq DESC,`workflow_events`.`id` LIMIT 1

2026/09/12 16:43:17 /home/monody/project/SentinelOps/internal/service/runtime/service.go:381 context canceled
[0.008ms] [rows:0] SELECT * FROM `workflow_checkpoints` WHERE run_id = '0eeddcf4-4331-44aa-8032-1dc2ab97404a' AND `workflow_checkpoints`.`deleted_at` IS NULL ORDER BY committed_at DESC, created_at DESC,`workflow_checkpoints`.`id` LIMIT 1

2026/09/12 16:43:17 /home/monody/project/SentinelOps/internal/service/runtime/service.go:382 context canceled
[0.006ms] [rows:0] SELECT * FROM `session_state_revisions` WHERE session_id = 'phase-f-browser-3441e53c-9c00-490a-8cc8-25240be4a296' AND `session_state_revisions`.`deleted_at` IS NULL ORDER BY revision DESC,`session_state_revisions`.`id` LIMIT 1

2026/09/12 16:43:17 /home/monody/project/SentinelOps/internal/service/runtime/service.go:384 context canceled
[0.005ms] [rows:0] SELECT * FROM `runtime_worker_snapshots` WHERE worker_id = 'phase-f-host-worker' ORDER BY `runtime_worker_snapshots`.`worker_id` LIMIT 1

2026/09/12 16:43:17 /home/monody/project/SentinelOps/internal/dao/mysql/setting.go:75 context canceled
[0.006ms] [rows:0] SELECT * FROM `settings` WHERE `key` IN ('agent_runtime.enabled','agent_runtime.accept_new_runs','agent_runtime.shadow_mode','agent_runtime.l1_writes','agent_runtime.l2_writes','agent_runtime.admin_query_database_debug','mcp.enabled','skill.enabled','langfuse.enabled')
2026-09-12T22:21:29.819+08:00 90811: server gracefully shutting down by signal: terminated
2026-09-12T22:21:29.831+08:00 [INFO] pid[90811]: all servers shutdown
