WARNING: sonic/ast only supports (go1.17~1.26 and amd64 CPU) or (go1.20~1.26 and arm64 CPU), but your environment is not suitable and will fallback to encoding/json
2026-09-12T12:09:17.932+08:00 [INFO] [Rule] 已加载 100 条术语规则
2026-09-12T12:09:18.145+08:00 [INFO] [Rerank] client initialized | model=qwen3-rerank | baseURL=https://dashscope.aliyuncs.com/compatible-api/v1
2026-09-12T12:09:18.145+08:00 [INFO] [knowledge] Worker Pool 已启动，workers=3，队列容量=1000
2026-09-12T12:09:18.173+08:00 [INFO] pid[57165]: http server started listening on [127.0.0.1:8001]
2026-09-12T12:09:18.173+08:00 [INFO] swagger ui is serving at address: http://127.0.0.1:8001/swagger/
2026-09-12T12:09:18.173+08:00 [INFO] openapi specification is serving at address: http://127.0.0.1:8001/api.json

-----------------|--------|------------------------------------------------------|-------------------------------------------------------------------------------|---------------------------------------
|    ADDRESS     | METHOD |                        ROUTE                         |                                    HANDLER                                    |              MIDDLEWARE              |
-----------------|--------|------------------------------------------------------|-------------------------------------------------------------------------------|---------------------------------------
| 127.0.0.1:8001 | ALL    | /api.json                                            | github.com/gogf/gf/v2/net/ghttp.(*Server).openapiSpec                         |                                      |
-----------------|--------|------------------------------------------------------|-------------------------------------------------------------------------------|---------------------------------------
| 127.0.0.1:8001 | POST   | /api/auth/v1/login                                   | SentinelOps/internal/controller/auth.(*ControllerV1).Login                    | middleware.CORSMiddleware            |
|                |        |                                                      |                                                                               | middleware.ResponseMiddleware        |
|                |        |                                                      |                                                                               | middleware.jwtMiddleware.1           |
|                |        |                                                      |                                                                               | middleware.AuthorizationMiddleware.1 |
|                |        |                                                      |                                                                               | middleware.RateLimitMiddleware       |
-----------------|--------|------------------------------------------------------|-------------------------------------------------------------------------------|---------------------------------------
| 127.0.0.1:8001 | POST   | /api/auth/v1/register                                | SentinelOps/internal/controller/auth.(*ControllerV1).Register                 | middleware.CORSMiddleware            |
|                |        |                                                      |                                                                               | middleware.ResponseMiddleware        |
|                |        |                                                      |                                                                               | middleware.jwtMiddleware.1           |
|                |        |                                                      |                                                                               | middleware.AuthorizationMiddleware.1 |
|                |        |                                                      |                                                                               | middleware.RateLimitMiddleware       |
-----------------|--------|------------------------------------------------------|-------------------------------------------------------------------------------|---------------------------------------
| 127.0.0.1:8001 | POST   | /api/chat/v1/chat                                    | SentinelOps/internal/controller/chat.(*ControllerV1).Chat                     | middleware.CORSMiddleware            |
|                |        |                                                      |                                                                               | middleware.ResponseMiddleware        |
|                |        |                                                      |                                                                               | middleware.jwtMiddleware.1           |
|                |        |                                                      |                                                                               | middleware.AuthorizationMiddleware.1 |
|                |        |                                                      |                                                                               | middleware.RateLimitMiddleware       |
-----------------|--------|------------------------------------------------------|-------------------------------------------------------------------------------|---------------------------------------
| 127.0.0.1:8001 | POST   | /api/chat/v1/rollback                                | SentinelOps/internal/controller/chat.(*ControllerV1).Rollback                 | middleware.CORSMiddleware            |
|                |        |                                                      |                                                                               | middleware.ResponseMiddleware        |
|                |        |                                                      |                                                                               | middleware.jwtMiddleware.1           |
|                |        |                                                      |                                                                               | middleware.AuthorizationMiddleware.1 |
|                |        |                                                      |                                                                               | middleware.RateLimitMiddleware       |
-----------------|--------|------------------------------------------------------|-------------------------------------------------------------------------------|---------------------------------------
| 127.0.0.1:8001 | POST   | /api/chat/v2/runs                                    | SentinelOps/internal/controller/chat.(*ControllerV2).CreateRun                | middleware.CORSMiddleware            |
|                |        |                                                      |                                                                               | middleware.ResponseMiddleware        |
|                |        |                                                      |                                                                               | middleware.jwtMiddleware.1           |
|                |        |                                                      |                                                                               | middleware.AuthorizationMiddleware.1 |
|                |        |                                                      |                                                                               | middleware.RateLimitMiddleware       |
-----------------|--------|------------------------------------------------------|-------------------------------------------------------------------------------|---------------------------------------
| 127.0.0.1:8001 | GET    | /api/chat/v2/runs/{run_id}/events                    | SentinelOps/internal/controller/chat.(*ControllerV2).RunEvents                | middleware.CORSMiddleware            |
|                |        |                                                      |                                                                               | middleware.ResponseMiddleware        |
|                |        |                                                      |                                                                               | middleware.jwtMiddleware.1           |
|                |        |                                                      |                                                                               | middleware.AuthorizationMiddleware.1 |
|                |        |                                                      |                                                                               | middleware.RateLimitMiddleware       |
-----------------|--------|------------------------------------------------------|-------------------------------------------------------------------------------|---------------------------------------
| 127.0.0.1:8001 | POST   | /api/event/v1/analyze/stream                         | SentinelOps/internal/controller/event.(*ControllerV1).AnalyzeSingleStream     | middleware.CORSMiddleware            |
|                |        |                                                      |                                                                               | middleware.ResponseMiddleware        |
|                |        |                                                      |                                                                               | middleware.jwtMiddleware.1           |
|                |        |                                                      |                                                                               | middleware.AuthorizationMiddleware.1 |
|                |        |                                                      |                                                                               | middleware.RateLimitMiddleware       |
-----------------|--------|------------------------------------------------------|-------------------------------------------------------------------------------|---------------------------------------
| 127.0.0.1:8001 | POST   | /api/event/v1/batch_delete                           | SentinelOps/internal/controller/event.(*ControllerV1).BatchDelete             | middleware.CORSMiddleware            |
|                |        |                                                      |                                                                               | middleware.ResponseMiddleware        |
|                |        |                                                      |                                                                               | middleware.jwtMiddleware.1           |
|                |        |                                                      |                                                                               | middleware.AuthorizationMiddleware.1 |
|                |        |                                                      |                                                                               | middleware.RateLimitMiddleware       |
-----------------|--------|------------------------------------------------------|-------------------------------------------------------------------------------|---------------------------------------
| 127.0.0.1:8001 | POST   | /api/event/v1/batch_update_status                    | SentinelOps/internal/controller/event.(*ControllerV1).BatchUpdateStatus       | middleware.CORSMiddleware            |
|                |        |                                                      |                                                                               | middleware.ResponseMiddleware        |
|                |        |                                                      |                                                                               | middleware.jwtMiddleware.1           |
|                |        |                                                      |                                                                               | middleware.AuthorizationMiddleware.1 |
|                |        |                                                      |                                                                               | middleware.RateLimitMiddleware       |
-----------------|--------|------------------------------------------------------|-------------------------------------------------------------------------------|---------------------------------------
| 127.0.0.1:8001 | POST   | /api/event/v1/create                                 | SentinelOps/internal/controller/event.(*ControllerV1).Create                  | middleware.CORSMiddleware            |
|                |        |                                                      |                                                                               | middleware.ResponseMiddleware        |
|                |        |                                                      |                                                                               | middleware.jwtMiddleware.1           |
|                |        |                                                      |                                                                               | middleware.AuthorizationMiddleware.1 |
|                |        |                                                      |                                                                               | middleware.RateLimitMiddleware       |
-----------------|--------|------------------------------------------------------|-------------------------------------------------------------------------------|---------------------------------------
| 127.0.0.1:8001 | POST   | /api/event/v1/delete                                 | SentinelOps/internal/controller/event.(*ControllerV1).Delete                  | middleware.CORSMiddleware            |
|                |        |                                                      |                                                                               | middleware.ResponseMiddleware        |
|                |        |                                                      |                                                                               | middleware.jwtMiddleware.1           |
|                |        |                                                      |                                                                               | middleware.AuthorizationMiddleware.1 |
|                |        |                                                      |                                                                               | middleware.RateLimitMiddleware       |
-----------------|--------|------------------------------------------------------|-------------------------------------------------------------------------------|---------------------------------------
| 127.0.0.1:8001 | GET    | /api/event/v1/list                                   | SentinelOps/internal/controller/event.(*ControllerV1).List                    | middleware.CORSMiddleware            |
|                |        |                                                      |                                                                               | middleware.ResponseMiddleware        |
|                |        |                                                      |                                                                               | middleware.jwtMiddleware.1           |
|                |        |                                                      |                                                                               | middleware.AuthorizationMiddleware.1 |
|                |        |                                                      |                                                                               | middleware.RateLimitMiddleware       |
-----------------|--------|------------------------------------------------------|-------------------------------------------------------------------------------|---------------------------------------
| 127.0.0.1:8001 | POST   | /api/event/v1/pipeline/stream                        | SentinelOps/internal/controller/event.(*ControllerV1).PipelineStream          | middleware.CORSMiddleware            |
|                |        |                                                      |                                                                               | middleware.ResponseMiddleware        |
|                |        |                                                      |                                                                               | middleware.jwtMiddleware.1           |
|                |        |                                                      |                                                                               | middleware.AuthorizationMiddleware.1 |
|                |        |                                                      |                                                                               | middleware.RateLimitMiddleware       |
-----------------|--------|------------------------------------------------------|-------------------------------------------------------------------------------|---------------------------------------
| 127.0.0.1:8001 | GET    | /api/event/v1/stats                                  | SentinelOps/internal/controller/event.(*ControllerV1).Stats                   | middleware.CORSMiddleware            |
|                |        |                                                      |                                                                               | middleware.ResponseMiddleware        |
|                |        |                                                      |                                                                               | middleware.jwtMiddleware.1           |
|                |        |                                                      |                                                                               | middleware.AuthorizationMiddleware.1 |
|                |        |                                                      |                                                                               | middleware.RateLimitMiddleware       |
-----------------|--------|------------------------------------------------------|-------------------------------------------------------------------------------|---------------------------------------
| 127.0.0.1:8001 | GET    | /api/event/v1/trend                                  | SentinelOps/internal/controller/event.(*ControllerV1).Trend                   | middleware.CORSMiddleware            |
|                |        |                                                      |                                                                               | middleware.ResponseMiddleware        |
|                |        |                                                      |                                                                               | middleware.jwtMiddleware.1           |
|                |        |                                                      |                                                                               | middleware.AuthorizationMiddleware.1 |
|                |        |                                                      |                                                                               | middleware.RateLimitMiddleware       |
-----------------|--------|------------------------------------------------------|-------------------------------------------------------------------------------|---------------------------------------
| 127.0.0.1:8001 | POST   | /api/event/v1/update_status                          | SentinelOps/internal/controller/event.(*ControllerV1).UpdateStatus            | middleware.CORSMiddleware            |
|                |        |                                                      |                                                                               | middleware.ResponseMiddleware        |
|                |        |                                                      |                                                                               | middleware.jwtMiddleware.1           |
|                |        |                                                      |                                                                               | middleware.AuthorizationMiddleware.1 |
|                |        |                                                      |                                                                               | middleware.RateLimitMiddleware       |
-----------------|--------|------------------------------------------------------|-------------------------------------------------------------------------------|---------------------------------------
| 127.0.0.1:8001 | POST   | /api/ingest/v1/cef                                   | SentinelOps/internal/controller/ingest.(*ingestctrl.ControllerV1).CEF         | middleware.CORSMiddleware            |
|                |        |                                                      |                                                                               | middleware.ResponseMiddleware        |
|                |        |                                                      |                                                                               | middleware.authDisabledWriteGuard.1  |
|                |        |                                                      |                                                                               | middleware.IngestAPIKeyMiddleware.1  |
-----------------|--------|------------------------------------------------------|-------------------------------------------------------------------------------|---------------------------------------
| 127.0.0.1:8001 | POST   | /api/ingest/v1/leef                                  | SentinelOps/internal/controller/ingest.(*ingestctrl.ControllerV1).LEEF        | middleware.CORSMiddleware            |
|                |        |                                                      |                                                                               | middleware.ResponseMiddleware        |
|                |        |                                                      |                                                                               | middleware.authDisabledWriteGuard.1  |
|                |        |                                                      |                                                                               | middleware.IngestAPIKeyMiddleware.1  |
-----------------|--------|------------------------------------------------------|-------------------------------------------------------------------------------|---------------------------------------
| 127.0.0.1:8001 | POST   | /api/ingest/v1/push                                  | SentinelOps/internal/controller/ingest.(*ingestctrl.ControllerV1).AlertPush   | middleware.CORSMiddleware            |
|                |        |                                                      |                                                                               | middleware.ResponseMiddleware        |
|                |        |                                                      |                                                                               | middleware.authDisabledWriteGuard.1  |
|                |        |                                                      |                                                                               | middleware.IngestAPIKeyMiddleware.1  |
-----------------|--------|------------------------------------------------------|-------------------------------------------------------------------------------|---------------------------------------
| 127.0.0.1:8001 | POST   | /api/ingest/v1/webhook                               | SentinelOps/internal/controller/ingest.(*ingestctrl.ControllerV1).Webhook     | middleware.CORSMiddleware            |
|                |        |                                                      |                                                                               | middleware.ResponseMiddleware        |
|                |        |                                                      |                                                                               | middleware.authDisabledWriteGuard.1  |
|                |        |                                                      |                                                                               | middleware.IngestAPIKeyMiddleware.1  |
-----------------|--------|------------------------------------------------------|-------------------------------------------------------------------------------|---------------------------------------
| 127.0.0.1:8001 | POST   | /api/knowledge/v1/bases/create                       | SentinelOps/internal/controller/knowledge.(*controllerV1).BaseCreate          | middleware.CORSMiddleware            |
|                |        |                                                      |                                                                               | middleware.ResponseMiddleware        |
|                |        |                                                      |                                                                               | middleware.jwtMiddleware.1           |
|                |        |                                                      |                                                                               | middleware.AuthorizationMiddleware.1 |
|                |        |                                                      |                                                                               | middleware.RateLimitMiddleware       |
-----------------|--------|------------------------------------------------------|-------------------------------------------------------------------------------|---------------------------------------
| 127.0.0.1:8001 | POST   | /api/knowledge/v1/bases/delete                       | SentinelOps/internal/controller/knowledge.(*controllerV1).BaseDelete          | middleware.CORSMiddleware            |
|                |        |                                                      |                                                                               | middleware.ResponseMiddleware        |
|                |        |                                                      |                                                                               | middleware.jwtMiddleware.1           |
|                |        |                                                      |                                                                               | middleware.AuthorizationMiddleware.1 |
|                |        |                                                      |                                                                               | middleware.RateLimitMiddleware       |
-----------------|--------|------------------------------------------------------|-------------------------------------------------------------------------------|---------------------------------------
| 127.0.0.1:8001 | GET    | /api/knowledge/v1/bases/detail                       | SentinelOps/internal/controller/knowledge.(*controllerV1).BaseDetail          | middleware.CORSMiddleware            |
|                |        |                                                      |                                                                               | middleware.ResponseMiddleware        |
|                |        |                                                      |                                                                               | middleware.jwtMiddleware.1           |
|                |        |                                                      |                                                                               | middleware.AuthorizationMiddleware.1 |
|                |        |                                                      |                                                                               | middleware.RateLimitMiddleware       |
-----------------|--------|------------------------------------------------------|-------------------------------------------------------------------------------|---------------------------------------
| 127.0.0.1:8001 | GET    | /api/knowledge/v1/bases/list                         | SentinelOps/internal/controller/knowledge.(*controllerV1).BaseList            | middleware.CORSMiddleware            |
|                |        |                                                      |                                                                               | middleware.ResponseMiddleware        |
|                |        |                                                      |                                                                               | middleware.jwtMiddleware.1           |
|                |        |                                                      |                                                                               | middleware.AuthorizationMiddleware.1 |
|                |        |                                                      |                                                                               | middleware.RateLimitMiddleware       |
-----------------|--------|------------------------------------------------------|-------------------------------------------------------------------------------|---------------------------------------
| 127.0.0.1:8001 | POST   | /api/knowledge/v1/chunks/enable                      | SentinelOps/internal/controller/knowledge.(*controllerV1).ChunkEnable         | middleware.CORSMiddleware            |
|                |        |                                                      |                                                                               | middleware.ResponseMiddleware        |
|                |        |                                                      |                                                                               | middleware.jwtMiddleware.1           |
|                |        |                                                      |                                                                               | middleware.AuthorizationMiddleware.1 |
|                |        |                                                      |                                                                               | middleware.RateLimitMiddleware       |
-----------------|--------|------------------------------------------------------|-------------------------------------------------------------------------------|---------------------------------------
| 127.0.0.1:8001 | GET    | /api/knowledge/v1/chunks/list                        | SentinelOps/internal/controller/knowledge.(*controllerV1).ChunkList           | middleware.CORSMiddleware            |
|                |        |                                                      |                                                                               | middleware.ResponseMiddleware        |
|                |        |                                                      |                                                                               | middleware.jwtMiddleware.1           |
|                |        |                                                      |                                                                               | middleware.AuthorizationMiddleware.1 |
|                |        |                                                      |                                                                               | middleware.RateLimitMiddleware       |
-----------------|--------|------------------------------------------------------|-------------------------------------------------------------------------------|---------------------------------------
| 127.0.0.1:8001 | POST   | /api/knowledge/v1/docs/batch_delete                  | SentinelOps/internal/controller/knowledge.(*controllerV1).DocBatchDelete      | middleware.CORSMiddleware            |
|                |        |                                                      |                                                                               | middleware.ResponseMiddleware        |
|                |        |                                                      |                                                                               | middleware.jwtMiddleware.1           |
|                |        |                                                      |                                                                               | middleware.AuthorizationMiddleware.1 |
|                |        |                                                      |                                                                               | middleware.RateLimitMiddleware       |
-----------------|--------|------------------------------------------------------|-------------------------------------------------------------------------------|---------------------------------------
| 127.0.0.1:8001 | POST   | /api/knowledge/v1/docs/batch_rebuild                 | SentinelOps/internal/controller/knowledge.(*controllerV1).DocBatchRebuild     | middleware.CORSMiddleware            |
|                |        |                                                      |                                                                               | middleware.ResponseMiddleware        |
|                |        |                                                      |                                                                               | middleware.jwtMiddleware.1           |
|                |        |                                                      |                                                                               | middleware.AuthorizationMiddleware.1 |
|                |        |                                                      |                                                                               | middleware.RateLimitMiddleware       |
-----------------|--------|------------------------------------------------------|-------------------------------------------------------------------------------|---------------------------------------
| 127.0.0.1:8001 | POST   | /api/knowledge/v1/docs/delete                        | SentinelOps/internal/controller/knowledge.(*controllerV1).DocDelete           | middleware.CORSMiddleware            |
|                |        |                                                      |                                                                               | middleware.ResponseMiddleware        |
|                |        |                                                      |                                                                               | middleware.jwtMiddleware.1           |
|                |        |                                                      |                                                                               | middleware.AuthorizationMiddleware.1 |
|                |        |                                                      |                                                                               | middleware.RateLimitMiddleware       |
-----------------|--------|------------------------------------------------------|-------------------------------------------------------------------------------|---------------------------------------
| 127.0.0.1:8001 | GET    | /api/knowledge/v1/docs/detail                        | SentinelOps/internal/controller/knowledge.(*controllerV1).DocDetail           | middleware.CORSMiddleware            |
|                |        |                                                      |                                                                               | middleware.ResponseMiddleware        |
|                |        |                                                      |                                                                               | middleware.jwtMiddleware.1           |
|                |        |                                                      |                                                                               | middleware.AuthorizationMiddleware.1 |
|                |        |                                                      |                                                                               | middleware.RateLimitMiddleware       |
-----------------|--------|------------------------------------------------------|-------------------------------------------------------------------------------|---------------------------------------
| 127.0.0.1:8001 | POST   | /api/knowledge/v1/docs/enable                        | SentinelOps/internal/controller/knowledge.(*controllerV1).DocEnable           | middleware.CORSMiddleware            |
|                |        |                                                      |                                                                               | middleware.ResponseMiddleware        |
|                |        |                                                      |                                                                               | middleware.jwtMiddleware.1           |
|                |        |                                                      |                                                                               | middleware.AuthorizationMiddleware.1 |
|                |        |                                                      |                                                                               | middleware.RateLimitMiddleware       |
-----------------|--------|------------------------------------------------------|-------------------------------------------------------------------------------|---------------------------------------
| 127.0.0.1:8001 | GET    | /api/knowledge/v1/docs/list                          | SentinelOps/internal/controller/knowledge.(*controllerV1).DocList             | middleware.CORSMiddleware            |
|                |        |                                                      |                                                                               | middleware.ResponseMiddleware        |
|                |        |                                                      |                                                                               | middleware.jwtMiddleware.1           |
|                |        |                                                      |                                                                               | middleware.AuthorizationMiddleware.1 |
|                |        |                                                      |                                                                               | middleware.RateLimitMiddleware       |
-----------------|--------|------------------------------------------------------|-------------------------------------------------------------------------------|---------------------------------------
| 127.0.0.1:8001 | POST   | /api/knowledge/v1/docs/rebuild                       | SentinelOps/internal/controller/knowledge.(*controllerV1).DocRebuild          | middleware.CORSMiddleware            |
|                |        |                                                      |                                                                               | middleware.ResponseMiddleware        |
|                |        |                                                      |                                                                               | middleware.jwtMiddleware.1           |
|                |        |                                                      |                                                                               | middleware.AuthorizationMiddleware.1 |
|                |        |                                                      |                                                                               | middleware.RateLimitMiddleware       |
-----------------|--------|------------------------------------------------------|-------------------------------------------------------------------------------|---------------------------------------
| 127.0.0.1:8001 | POST   | /api/knowledge/v1/docs/upload                        | SentinelOps/internal/controller/knowledge.(*controllerV1).DocUpload           | middleware.CORSMiddleware            |
|                |        |                                                      |                                                                               | middleware.ResponseMiddleware        |
|                |        |                                                      |                                                                               | middleware.jwtMiddleware.1           |
|                |        |                                                      |                                                                               | middleware.AuthorizationMiddleware.1 |
|                |        |                                                      |                                                                               | middleware.RateLimitMiddleware       |
-----------------|--------|------------------------------------------------------|-------------------------------------------------------------------------------|---------------------------------------
| 127.0.0.1:8001 | GET    | /api/knowledge/v1/queue/status                       | SentinelOps/internal/controller/knowledge.(*controllerV1).QueueStatus         | middleware.CORSMiddleware            |
|                |        |                                                      |                                                                               | middleware.ResponseMiddleware        |
|                |        |                                                      |                                                                               | middleware.jwtMiddleware.1           |
|                |        |                                                      |                                                                               | middleware.AuthorizationMiddleware.1 |
|                |        |                                                      |                                                                               | middleware.RateLimitMiddleware       |
-----------------|--------|------------------------------------------------------|-------------------------------------------------------------------------------|---------------------------------------
| 127.0.0.1:8001 | POST   | /api/knowledge/v1/search                             | SentinelOps/internal/controller/knowledge.(*controllerV1).Search              | middleware.CORSMiddleware            |
|                |        |                                                      |                                                                               | middleware.ResponseMiddleware        |
|                |        |                                                      |                                                                               | middleware.jwtMiddleware.1           |
|                |        |                                                      |                                                                               | middleware.AuthorizationMiddleware.1 |
|                |        |                                                      |                                                                               | middleware.RateLimitMiddleware       |
-----------------|--------|------------------------------------------------------|-------------------------------------------------------------------------------|---------------------------------------
| 127.0.0.1:8001 | GET    | /api/ops/v1/approvals                                | SentinelOps/internal/controller/ops.(*ControllerV1).ListApprovals             | middleware.CORSMiddleware            |
|                |        |                                                      |                                                                               | middleware.ResponseMiddleware        |
|                |        |                                                      |                                                                               | middleware.jwtMiddleware.1           |
|                |        |                                                      |                                                                               | middleware.AuthorizationMiddleware.1 |
|                |        |                                                      |                                                                               | middleware.RateLimitMiddleware       |
-----------------|--------|------------------------------------------------------|-------------------------------------------------------------------------------|---------------------------------------
| 127.0.0.1:8001 | GET    | /api/ops/v1/approvals/{id}                           | SentinelOps/internal/controller/ops.(*ControllerV1).GetApproval               | middleware.CORSMiddleware            |
|                |        |                                                      |                                                                               | middleware.ResponseMiddleware        |
|                |        |                                                      |                                                                               | middleware.jwtMiddleware.1           |
|                |        |                                                      |                                                                               | middleware.AuthorizationMiddleware.1 |
|                |        |                                                      |                                                                               | middleware.RateLimitMiddleware       |
-----------------|--------|------------------------------------------------------|-------------------------------------------------------------------------------|---------------------------------------
| 127.0.0.1:8001 | POST   | /api/ops/v1/approvals/{id}/approve                   | SentinelOps/internal/controller/ops.(*ControllerV1).ApproveApproval           | middleware.CORSMiddleware            |
|                |        |                                                      |                                                                               | middleware.ResponseMiddleware        |
|                |        |                                                      |                                                                               | middleware.jwtMiddleware.1           |
|                |        |                                                      |                                                                               | middleware.AuthorizationMiddleware.1 |
|                |        |                                                      |                                                                               | middleware.RateLimitMiddleware       |
-----------------|--------|------------------------------------------------------|-------------------------------------------------------------------------------|---------------------------------------
| 127.0.0.1:8001 | POST   | /api/ops/v1/approvals/{id}/reject                    | SentinelOps/internal/controller/ops.(*ControllerV1).RejectApproval            | middleware.CORSMiddleware            |
|                |        |                                                      |                                                                               | middleware.ResponseMiddleware        |
|                |        |                                                      |                                                                               | middleware.jwtMiddleware.1           |
|                |        |                                                      |                                                                               | middleware.AuthorizationMiddleware.1 |
|                |        |                                                      |                                                                               | middleware.RateLimitMiddleware       |
-----------------|--------|------------------------------------------------------|-------------------------------------------------------------------------------|---------------------------------------
| 127.0.0.1:8001 | GET    | /api/ops/v1/effects/unknown                          | SentinelOps/internal/controller/ops.(*ControllerV1).ListUnknownEffects        | middleware.CORSMiddleware            |
|                |        |                                                      |                                                                               | middleware.ResponseMiddleware        |
|                |        |                                                      |                                                                               | middleware.jwtMiddleware.1           |
|                |        |                                                      |                                                                               | middleware.AuthorizationMiddleware.1 |
|                |        |                                                      |                                                                               | middleware.RateLimitMiddleware       |
-----------------|--------|------------------------------------------------------|-------------------------------------------------------------------------------|---------------------------------------
| 127.0.0.1:8001 | POST   | /api/ops/v1/effects/{id}/accept-unknown              | SentinelOps/internal/controller/ops.(*ControllerV1).AcceptUnknownEffect       | middleware.CORSMiddleware            |
|                |        |                                                      |                                                                               | middleware.ResponseMiddleware        |
|                |        |                                                      |                                                                               | middleware.jwtMiddleware.1           |
|                |        |                                                      |                                                                               | middleware.AuthorizationMiddleware.1 |
|                |        |                                                      |                                                                               | middleware.RateLimitMiddleware       |
-----------------|--------|------------------------------------------------------|-------------------------------------------------------------------------------|---------------------------------------
| 127.0.0.1:8001 | POST   | /api/ops/v1/effects/{id}/resolve                     | SentinelOps/internal/controller/ops.(*ControllerV1).ResolveEffect             | middleware.CORSMiddleware            |
|                |        |                                                      |                                                                               | middleware.ResponseMiddleware        |
|                |        |                                                      |                                                                               | middleware.jwtMiddleware.1           |
|                |        |                                                      |                                                                               | middleware.AuthorizationMiddleware.1 |
|                |        |                                                      |                                                                               | middleware.RateLimitMiddleware       |
-----------------|--------|------------------------------------------------------|-------------------------------------------------------------------------------|---------------------------------------
| 127.0.0.1:8001 | GET    | /api/ops/v1/playbooks                                | SentinelOps/internal/controller/ops.(*ControllerV1).ListPlaybooks             | middleware.CORSMiddleware            |
|                |        |                                                      |                                                                               | middleware.ResponseMiddleware        |
|                |        |                                                      |                                                                               | middleware.jwtMiddleware.1           |
|                |        |                                                      |                                                                               | middleware.AuthorizationMiddleware.1 |
|                |        |                                                      |                                                                               | middleware.RateLimitMiddleware       |
-----------------|--------|------------------------------------------------------|-------------------------------------------------------------------------------|---------------------------------------
| 127.0.0.1:8001 | POST   | /api/ops/v1/playbooks                                | SentinelOps/internal/controller/ops.(*ControllerV1).CreatePlaybook            | middleware.CORSMiddleware            |
|                |        |                                                      |                                                                               | middleware.ResponseMiddleware        |
|                |        |                                                      |                                                                               | middleware.jwtMiddleware.1           |
|                |        |                                                      |                                                                               | middleware.AuthorizationMiddleware.1 |
|                |        |                                                      |                                                                               | middleware.RateLimitMiddleware       |
-----------------|--------|------------------------------------------------------|-------------------------------------------------------------------------------|---------------------------------------
| 127.0.0.1:8001 | POST   | /api/ops/v1/playbooks/trigger_for_event              | SentinelOps/internal/controller/ops.(*ControllerV1).TriggerForEvent           | middleware.CORSMiddleware            |
|                |        |                                                      |                                                                               | middleware.ResponseMiddleware        |
|                |        |                                                      |                                                                               | middleware.jwtMiddleware.1           |
|                |        |                                                      |                                                                               | middleware.AuthorizationMiddleware.1 |
|                |        |                                                      |                                                                               | middleware.RateLimitMiddleware       |
-----------------|--------|------------------------------------------------------|-------------------------------------------------------------------------------|---------------------------------------
| 127.0.0.1:8001 | DELETE | /api/ops/v1/playbooks/{id}                           | SentinelOps/internal/controller/ops.(*ControllerV1).DeletePlaybook            | middleware.CORSMiddleware            |
|                |        |                                                      |                                                                               | middleware.ResponseMiddleware        |
|                |        |                                                      |                                                                               | middleware.jwtMiddleware.1           |
|                |        |                                                      |                                                                               | middleware.AuthorizationMiddleware.1 |
|                |        |                                                      |                                                                               | middleware.RateLimitMiddleware       |
-----------------|--------|------------------------------------------------------|-------------------------------------------------------------------------------|---------------------------------------
| 127.0.0.1:8001 | GET    | /api/ops/v1/playbooks/{id}                           | SentinelOps/internal/controller/ops.(*ControllerV1).GetPlaybook               | middleware.CORSMiddleware            |
|                |        |                                                      |                                                                               | middleware.ResponseMiddleware        |
|                |        |                                                      |                                                                               | middleware.jwtMiddleware.1           |
|                |        |                                                      |                                                                               | middleware.AuthorizationMiddleware.1 |
|                |        |                                                      |                                                                               | middleware.RateLimitMiddleware       |
-----------------|--------|------------------------------------------------------|-------------------------------------------------------------------------------|---------------------------------------
| 127.0.0.1:8001 | PUT    | /api/ops/v1/playbooks/{id}                           | SentinelOps/internal/controller/ops.(*ControllerV1).UpdatePlaybook            | middleware.CORSMiddleware            |
|                |        |                                                      |                                                                               | middleware.ResponseMiddleware        |
|                |        |                                                      |                                                                               | middleware.jwtMiddleware.1           |
|                |        |                                                      |                                                                               | middleware.AuthorizationMiddleware.1 |
|                |        |                                                      |                                                                               | middleware.RateLimitMiddleware       |
-----------------|--------|------------------------------------------------------|-------------------------------------------------------------------------------|---------------------------------------
| 127.0.0.1:8001 | POST   | /api/ops/v1/playbooks/{id}/test                      | SentinelOps/internal/controller/ops.(*ControllerV1).TestPlaybook              | middleware.CORSMiddleware            |
|                |        |                                                      |                                                                               | middleware.ResponseMiddleware        |
|                |        |                                                      |                                                                               | middleware.jwtMiddleware.1           |
|                |        |                                                      |                                                                               | middleware.AuthorizationMiddleware.1 |
|                |        |                                                      |                                                                               | middleware.RateLimitMiddleware       |
-----------------|--------|------------------------------------------------------|-------------------------------------------------------------------------------|---------------------------------------
| 127.0.0.1:8001 | GET    | /api/ops/v1/protected_assets                         | SentinelOps/internal/controller/ops.(*ControllerV1).ListProtectedAssets       | middleware.CORSMiddleware            |
|                |        |                                                      |                                                                               | middleware.ResponseMiddleware        |
|                |        |                                                      |                                                                               | middleware.jwtMiddleware.1           |
|                |        |                                                      |                                                                               | middleware.AuthorizationMiddleware.1 |
|                |        |                                                      |                                                                               | middleware.RateLimitMiddleware       |
-----------------|--------|------------------------------------------------------|-------------------------------------------------------------------------------|---------------------------------------
| 127.0.0.1:8001 | POST   | /api/ops/v1/protected_assets                         | SentinelOps/internal/controller/ops.(*ControllerV1).CreateProtectedAsset      | middleware.CORSMiddleware            |
|                |        |                                                      |                                                                               | middleware.ResponseMiddleware        |
|                |        |                                                      |                                                                               | middleware.jwtMiddleware.1           |
|                |        |                                                      |                                                                               | middleware.AuthorizationMiddleware.1 |
|                |        |                                                      |                                                                               | middleware.RateLimitMiddleware       |
-----------------|--------|------------------------------------------------------|-------------------------------------------------------------------------------|---------------------------------------
| 127.0.0.1:8001 | DELETE | /api/ops/v1/protected_assets/{id}                    | SentinelOps/internal/controller/ops.(*ControllerV1).DeleteProtectedAsset      | middleware.CORSMiddleware            |
|                |        |                                                      |                                                                               | middleware.ResponseMiddleware        |
|                |        |                                                      |                                                                               | middleware.jwtMiddleware.1           |
|                |        |                                                      |                                                                               | middleware.AuthorizationMiddleware.1 |
|                |        |                                                      |                                                                               | middleware.RateLimitMiddleware       |
-----------------|--------|------------------------------------------------------|-------------------------------------------------------------------------------|---------------------------------------
| 127.0.0.1:8001 | DELETE | /api/ops/v1/runs                                     | SentinelOps/internal/controller/ops.(*ControllerV1).ClearRuns                 | middleware.CORSMiddleware            |
|                |        |                                                      |                                                                               | middleware.ResponseMiddleware        |
|                |        |                                                      |                                                                               | middleware.jwtMiddleware.1           |
|                |        |                                                      |                                                                               | middleware.AuthorizationMiddleware.1 |
|                |        |                                                      |                                                                               | middleware.RateLimitMiddleware       |
-----------------|--------|------------------------------------------------------|-------------------------------------------------------------------------------|---------------------------------------
| 127.0.0.1:8001 | GET    | /api/ops/v1/runs                                     | SentinelOps/internal/controller/ops.(*ControllerV1).ListRuns                  | middleware.CORSMiddleware            |
|                |        |                                                      |                                                                               | middleware.ResponseMiddleware        |
|                |        |                                                      |                                                                               | middleware.jwtMiddleware.1           |
|                |        |                                                      |                                                                               | middleware.AuthorizationMiddleware.1 |
|                |        |                                                      |                                                                               | middleware.RateLimitMiddleware       |
-----------------|--------|------------------------------------------------------|-------------------------------------------------------------------------------|---------------------------------------
| 127.0.0.1:8001 | POST   | /api/ops/v1/runs/direct                              | SentinelOps/internal/controller/ops.(*ControllerV1).DirectRunForEvent         | middleware.CORSMiddleware            |
|                |        |                                                      |                                                                               | middleware.ResponseMiddleware        |
|                |        |                                                      |                                                                               | middleware.jwtMiddleware.1           |
|                |        |                                                      |                                                                               | middleware.AuthorizationMiddleware.1 |
|                |        |                                                      |                                                                               | middleware.RateLimitMiddleware       |
-----------------|--------|------------------------------------------------------|-------------------------------------------------------------------------------|---------------------------------------
| 127.0.0.1:8001 | DELETE | /api/ops/v1/runs/{id}                                | SentinelOps/internal/controller/ops.(*ControllerV1).DeleteRun                 | middleware.CORSMiddleware            |
|                |        |                                                      |                                                                               | middleware.ResponseMiddleware        |
|                |        |                                                      |                                                                               | middleware.jwtMiddleware.1           |
|                |        |                                                      |                                                                               | middleware.AuthorizationMiddleware.1 |
|                |        |                                                      |                                                                               | middleware.RateLimitMiddleware       |
-----------------|--------|------------------------------------------------------|-------------------------------------------------------------------------------|---------------------------------------
| 127.0.0.1:8001 | GET    | /api/ops/v1/runs/{id}                                | SentinelOps/internal/controller/ops.(*ControllerV1).GetRun                    | middleware.CORSMiddleware            |
|                |        |                                                      |                                                                               | middleware.ResponseMiddleware        |
|                |        |                                                      |                                                                               | middleware.jwtMiddleware.1           |
|                |        |                                                      |                                                                               | middleware.AuthorizationMiddleware.1 |
|                |        |                                                      |                                                                               | middleware.RateLimitMiddleware       |
-----------------|--------|------------------------------------------------------|-------------------------------------------------------------------------------|---------------------------------------
| 127.0.0.1:8001 | GET    | /api/ops/v1/stats                                    | SentinelOps/internal/controller/ops.(*ControllerV1).GetStats                  | middleware.CORSMiddleware            |
|                |        |                                                      |                                                                               | middleware.ResponseMiddleware        |
|                |        |                                                      |                                                                               | middleware.jwtMiddleware.1           |
|                |        |                                                      |                                                                               | middleware.AuthorizationMiddleware.1 |
|                |        |                                                      |                                                                               | middleware.RateLimitMiddleware       |
-----------------|--------|------------------------------------------------------|-------------------------------------------------------------------------------|---------------------------------------
| 127.0.0.1:8001 | GET    | /api/rageval/v1/dashboard                            | SentinelOps/internal/controller/rageval.(*controllerV1).Dashboard             | middleware.CORSMiddleware            |
|                |        |                                                      |                                                                               | middleware.ResponseMiddleware        |
|                |        |                                                      |                                                                               | middleware.jwtMiddleware.1           |
|                |        |                                                      |                                                                               | middleware.AuthorizationMiddleware.1 |
|                |        |                                                      |                                                                               | middleware.RateLimitMiddleware       |
-----------------|--------|------------------------------------------------------|-------------------------------------------------------------------------------|---------------------------------------
| 127.0.0.1:8001 | POST   | /api/rageval/v1/feedback                             | SentinelOps/internal/controller/rageval.(*controllerV1).Feedback              | middleware.CORSMiddleware            |
|                |        |                                                      |                                                                               | middleware.ResponseMiddleware        |
|                |        |                                                      |                                                                               | middleware.jwtMiddleware.1           |
|                |        |                                                      |                                                                               | middleware.AuthorizationMiddleware.1 |
|                |        |                                                      |                                                                               | middleware.RateLimitMiddleware       |
-----------------|--------|------------------------------------------------------|-------------------------------------------------------------------------------|---------------------------------------
| 127.0.0.1:8001 | GET    | /api/rageval/v1/feedback_stats                       | SentinelOps/internal/controller/rageval.(*controllerV1).FeedbackStats         | middleware.CORSMiddleware            |
|                |        |                                                      |                                                                               | middleware.ResponseMiddleware        |
|                |        |                                                      |                                                                               | middleware.jwtMiddleware.1           |
|                |        |                                                      |                                                                               | middleware.AuthorizationMiddleware.1 |
|                |        |                                                      |                                                                               | middleware.RateLimitMiddleware       |
-----------------|--------|------------------------------------------------------|-------------------------------------------------------------------------------|---------------------------------------
| 127.0.0.1:8001 | DELETE | /api/rageval/v1/traces                               | SentinelOps/internal/controller/rageval.(*controllerV1).DeleteTrace           | middleware.CORSMiddleware            |
|                |        |                                                      |                                                                               | middleware.ResponseMiddleware        |
|                |        |                                                      |                                                                               | middleware.jwtMiddleware.1           |
|                |        |                                                      |                                                                               | middleware.AuthorizationMiddleware.1 |
|                |        |                                                      |                                                                               | middleware.RateLimitMiddleware       |
-----------------|--------|------------------------------------------------------|-------------------------------------------------------------------------------|---------------------------------------
| 127.0.0.1:8001 | GET    | /api/rageval/v1/traces                               | SentinelOps/internal/controller/rageval.(*controllerV1).Traces                | middleware.CORSMiddleware            |
|                |        |                                                      |                                                                               | middleware.ResponseMiddleware        |
|                |        |                                                      |                                                                               | middleware.jwtMiddleware.1           |
|                |        |                                                      |                                                                               | middleware.AuthorizationMiddleware.1 |
|                |        |                                                      |                                                                               | middleware.RateLimitMiddleware       |
-----------------|--------|------------------------------------------------------|-------------------------------------------------------------------------------|---------------------------------------
| 127.0.0.1:8001 | GET    | /api/rageval/v1/traces/detail                        | SentinelOps/internal/controller/rageval.(*controllerV1).TraceDetail           | middleware.CORSMiddleware            |
|                |        |                                                      |                                                                               | middleware.ResponseMiddleware        |
|                |        |                                                      |                                                                               | middleware.jwtMiddleware.1           |
|                |        |                                                      |                                                                               | middleware.AuthorizationMiddleware.1 |
|                |        |                                                      |                                                                               | middleware.RateLimitMiddleware       |
-----------------|--------|------------------------------------------------------|-------------------------------------------------------------------------------|---------------------------------------
| 127.0.0.1:8001 | POST   | /api/report/v1/create                                | SentinelOps/internal/controller/report.(*ControllerV1).Create                 | middleware.CORSMiddleware            |
|                |        |                                                      |                                                                               | middleware.ResponseMiddleware        |
|                |        |                                                      |                                                                               | middleware.jwtMiddleware.1           |
|                |        |                                                      |                                                                               | middleware.AuthorizationMiddleware.1 |
|                |        |                                                      |                                                                               | middleware.RateLimitMiddleware       |
-----------------|--------|------------------------------------------------------|-------------------------------------------------------------------------------|---------------------------------------
| 127.0.0.1:8001 | POST   | /api/report/v1/delete                                | SentinelOps/internal/controller/report.(*ControllerV1).Delete                 | middleware.CORSMiddleware            |
|                |        |                                                      |                                                                               | middleware.ResponseMiddleware        |
|                |        |                                                      |                                                                               | middleware.jwtMiddleware.1           |
|                |        |                                                      |                                                                               | middleware.AuthorizationMiddleware.1 |
|                |        |                                                      |                                                                               | middleware.RateLimitMiddleware       |
-----------------|--------|------------------------------------------------------|-------------------------------------------------------------------------------|---------------------------------------
| 127.0.0.1:8001 | GET    | /api/report/v1/export                                | SentinelOps/internal/controller/report.(*ControllerV1).Export                 | middleware.CORSMiddleware            |
|                |        |                                                      |                                                                               | middleware.ResponseMiddleware        |
|                |        |                                                      |                                                                               | middleware.jwtMiddleware.1           |
|                |        |                                                      |                                                                               | middleware.AuthorizationMiddleware.1 |
|                |        |                                                      |                                                                               | middleware.RateLimitMiddleware       |
-----------------|--------|------------------------------------------------------|-------------------------------------------------------------------------------|---------------------------------------
| 127.0.0.1:8001 | GET    | /api/report/v1/get                                   | SentinelOps/internal/controller/report.(*ControllerV1).Get                    | middleware.CORSMiddleware            |
|                |        |                                                      |                                                                               | middleware.ResponseMiddleware        |
|                |        |                                                      |                                                                               | middleware.jwtMiddleware.1           |
|                |        |                                                      |                                                                               | middleware.AuthorizationMiddleware.1 |
|                |        |                                                      |                                                                               | middleware.RateLimitMiddleware       |
-----------------|--------|------------------------------------------------------|-------------------------------------------------------------------------------|---------------------------------------
| 127.0.0.1:8001 | GET    | /api/report/v1/list                                  | SentinelOps/internal/controller/report.(*ControllerV1).List                   | middleware.CORSMiddleware            |
|                |        |                                                      |                                                                               | middleware.ResponseMiddleware        |
|                |        |                                                      |                                                                               | middleware.jwtMiddleware.1           |
|                |        |                                                      |                                                                               | middleware.AuthorizationMiddleware.1 |
|                |        |                                                      |                                                                               | middleware.RateLimitMiddleware       |
-----------------|--------|------------------------------------------------------|-------------------------------------------------------------------------------|---------------------------------------
| 127.0.0.1:8001 | POST   | /api/report/v1/template/create                       | SentinelOps/internal/controller/report.(*ControllerV1).TemplateCreate         | middleware.CORSMiddleware            |
|                |        |                                                      |                                                                               | middleware.ResponseMiddleware        |
|                |        |                                                      |                                                                               | middleware.jwtMiddleware.1           |
|                |        |                                                      |                                                                               | middleware.AuthorizationMiddleware.1 |
|                |        |                                                      |                                                                               | middleware.RateLimitMiddleware       |
-----------------|--------|------------------------------------------------------|-------------------------------------------------------------------------------|---------------------------------------
| 127.0.0.1:8001 | POST   | /api/report/v1/template/delete                       | SentinelOps/internal/controller/report.(*ControllerV1).TemplateDelete         | middleware.CORSMiddleware            |
|                |        |                                                      |                                                                               | middleware.ResponseMiddleware        |
|                |        |                                                      |                                                                               | middleware.jwtMiddleware.1           |
|                |        |                                                      |                                                                               | middleware.AuthorizationMiddleware.1 |
|                |        |                                                      |                                                                               | middleware.RateLimitMiddleware       |
-----------------|--------|------------------------------------------------------|-------------------------------------------------------------------------------|---------------------------------------
| 127.0.0.1:8001 | GET    | /api/report/v1/template/list                         | SentinelOps/internal/controller/report.(*ControllerV1).TemplateList           | middleware.CORSMiddleware            |
|                |        |                                                      |                                                                               | middleware.ResponseMiddleware        |
|                |        |                                                      |                                                                               | middleware.jwtMiddleware.1           |
|                |        |                                                      |                                                                               | middleware.AuthorizationMiddleware.1 |
|                |        |                                                      |                                                                               | middleware.RateLimitMiddleware       |
-----------------|--------|------------------------------------------------------|-------------------------------------------------------------------------------|---------------------------------------
| 127.0.0.1:8001 | GET    | /api/runtime/v1/capabilities                         | SentinelOps/internal/controller/runtime.(*ControllerV1).GetCapabilities       | middleware.CORSMiddleware            |
|                |        |                                                      |                                                                               | middleware.ResponseMiddleware        |
|                |        |                                                      |                                                                               | middleware.jwtMiddleware.1           |
|                |        |                                                      |                                                                               | middleware.AuthorizationMiddleware.1 |
|                |        |                                                      |                                                                               | middleware.RateLimitMiddleware       |
-----------------|--------|------------------------------------------------------|-------------------------------------------------------------------------------|---------------------------------------
| 127.0.0.1:8001 | GET    | /api/runtime/v1/eval                                 | SentinelOps/internal/controller/runtime.(*ControllerV1).GetEval               | middleware.CORSMiddleware            |
|                |        |                                                      |                                                                               | middleware.ResponseMiddleware        |
|                |        |                                                      |                                                                               | middleware.jwtMiddleware.1           |
|                |        |                                                      |                                                                               | middleware.AuthorizationMiddleware.1 |
|                |        |                                                      |                                                                               | middleware.RateLimitMiddleware       |
-----------------|--------|------------------------------------------------------|-------------------------------------------------------------------------------|---------------------------------------
| 127.0.0.1:8001 | GET    | /api/runtime/v1/operations/{operation_id}            | SentinelOps/internal/controller/runtime.(*ControllerV1).GetOperation          | middleware.CORSMiddleware            |
|                |        |                                                      |                                                                               | middleware.ResponseMiddleware        |
|                |        |                                                      |                                                                               | middleware.jwtMiddleware.1           |
|                |        |                                                      |                                                                               | middleware.AuthorizationMiddleware.1 |
|                |        |                                                      |                                                                               | middleware.RateLimitMiddleware       |
-----------------|--------|------------------------------------------------------|-------------------------------------------------------------------------------|---------------------------------------
| 127.0.0.1:8001 | GET    | /api/runtime/v1/release                              | SentinelOps/internal/controller/runtime.(*ControllerV1).GetRelease            | middleware.CORSMiddleware            |
|                |        |                                                      |                                                                               | middleware.ResponseMiddleware        |
|                |        |                                                      |                                                                               | middleware.jwtMiddleware.1           |
|                |        |                                                      |                                                                               | middleware.AuthorizationMiddleware.1 |
|                |        |                                                      |                                                                               | middleware.RateLimitMiddleware       |
-----------------|--------|------------------------------------------------------|-------------------------------------------------------------------------------|---------------------------------------
| 127.0.0.1:8001 | GET    | /api/runtime/v1/retention                            | SentinelOps/internal/controller/runtime.(*ControllerV1).GetRetention          | middleware.CORSMiddleware            |
|                |        |                                                      |                                                                               | middleware.ResponseMiddleware        |
|                |        |                                                      |                                                                               | middleware.jwtMiddleware.1           |
|                |        |                                                      |                                                                               | middleware.AuthorizationMiddleware.1 |
|                |        |                                                      |                                                                               | middleware.RateLimitMiddleware       |
-----------------|--------|------------------------------------------------------|-------------------------------------------------------------------------------|---------------------------------------
| 127.0.0.1:8001 | GET    | /api/runtime/v1/runs                                 | SentinelOps/internal/controller/runtime.(*ControllerV1).ListRuns              | middleware.CORSMiddleware            |
|                |        |                                                      |                                                                               | middleware.ResponseMiddleware        |
|                |        |                                                      |                                                                               | middleware.jwtMiddleware.1           |
|                |        |                                                      |                                                                               | middleware.AuthorizationMiddleware.1 |
|                |        |                                                      |                                                                               | middleware.RateLimitMiddleware       |
-----------------|--------|------------------------------------------------------|-------------------------------------------------------------------------------|---------------------------------------
| 127.0.0.1:8001 | GET    | /api/runtime/v1/runs/{run_id}                        | SentinelOps/internal/controller/runtime.(*ControllerV1).GetRun                | middleware.CORSMiddleware            |
|                |        |                                                      |                                                                               | middleware.ResponseMiddleware        |
|                |        |                                                      |                                                                               | middleware.jwtMiddleware.1           |
|                |        |                                                      |                                                                               | middleware.AuthorizationMiddleware.1 |
|                |        |                                                      |                                                                               | middleware.RateLimitMiddleware       |
-----------------|--------|------------------------------------------------------|-------------------------------------------------------------------------------|---------------------------------------
| 127.0.0.1:8001 | GET    | /api/runtime/v1/runs/{run_id}/approvals              | SentinelOps/internal/controller/runtime.(*ControllerV1).GetApprovals          | middleware.CORSMiddleware            |
|                |        |                                                      |                                                                               | middleware.ResponseMiddleware        |
|                |        |                                                      |                                                                               | middleware.jwtMiddleware.1           |
|                |        |                                                      |                                                                               | middleware.AuthorizationMiddleware.1 |
|                |        |                                                      |                                                                               | middleware.RateLimitMiddleware       |
-----------------|--------|------------------------------------------------------|-------------------------------------------------------------------------------|---------------------------------------
| 127.0.0.1:8001 | GET    | /api/runtime/v1/runs/{run_id}/attempts               | SentinelOps/internal/controller/runtime.(*ControllerV1).GetAttempts           | middleware.CORSMiddleware            |
|                |        |                                                      |                                                                               | middleware.ResponseMiddleware        |
|                |        |                                                      |                                                                               | middleware.jwtMiddleware.1           |
|                |        |                                                      |                                                                               | middleware.AuthorizationMiddleware.1 |
|                |        |                                                      |                                                                               | middleware.RateLimitMiddleware       |
-----------------|--------|------------------------------------------------------|-------------------------------------------------------------------------------|---------------------------------------
| 127.0.0.1:8001 | GET    | /api/runtime/v1/runs/{run_id}/checkpoints            | SentinelOps/internal/controller/runtime.(*ControllerV1).GetCheckpoints        | middleware.CORSMiddleware            |
|                |        |                                                      |                                                                               | middleware.ResponseMiddleware        |
|                |        |                                                      |                                                                               | middleware.jwtMiddleware.1           |
|                |        |                                                      |                                                                               | middleware.AuthorizationMiddleware.1 |
|                |        |                                                      |                                                                               | middleware.RateLimitMiddleware       |
-----------------|--------|------------------------------------------------------|-------------------------------------------------------------------------------|---------------------------------------
| 127.0.0.1:8001 | GET    | /api/runtime/v1/runs/{run_id}/context                | SentinelOps/internal/controller/runtime.(*ControllerV1).GetContext            | middleware.CORSMiddleware            |
|                |        |                                                      |                                                                               | middleware.ResponseMiddleware        |
|                |        |                                                      |                                                                               | middleware.jwtMiddleware.1           |
|                |        |                                                      |                                                                               | middleware.AuthorizationMiddleware.1 |
|                |        |                                                      |                                                                               | middleware.RateLimitMiddleware       |
-----------------|--------|------------------------------------------------------|-------------------------------------------------------------------------------|---------------------------------------
| 127.0.0.1:8001 | GET    | /api/runtime/v1/runs/{run_id}/effects                | SentinelOps/internal/controller/runtime.(*ControllerV1).GetEffects            | middleware.CORSMiddleware            |
|                |        |                                                      |                                                                               | middleware.ResponseMiddleware        |
|                |        |                                                      |                                                                               | middleware.jwtMiddleware.1           |
|                |        |                                                      |                                                                               | middleware.AuthorizationMiddleware.1 |
|                |        |                                                      |                                                                               | middleware.RateLimitMiddleware       |
-----------------|--------|------------------------------------------------------|-------------------------------------------------------------------------------|---------------------------------------
| 127.0.0.1:8001 | GET    | /api/runtime/v1/runs/{run_id}/events                 | SentinelOps/internal/controller/runtime.(*ControllerV1).RunEvents             | middleware.CORSMiddleware            |
|                |        |                                                      |                                                                               | middleware.ResponseMiddleware        |
|                |        |                                                      |                                                                               | middleware.jwtMiddleware.1           |
|                |        |                                                      |                                                                               | middleware.AuthorizationMiddleware.1 |
|                |        |                                                      |                                                                               | middleware.RateLimitMiddleware       |
-----------------|--------|------------------------------------------------------|-------------------------------------------------------------------------------|---------------------------------------
| 127.0.0.1:8001 | GET    | /api/runtime/v1/runs/{run_id}/evidence               | SentinelOps/internal/controller/runtime.(*ControllerV1).GetEvidence           | middleware.CORSMiddleware            |
|                |        |                                                      |                                                                               | middleware.ResponseMiddleware        |
|                |        |                                                      |                                                                               | middleware.jwtMiddleware.1           |
|                |        |                                                      |                                                                               | middleware.AuthorizationMiddleware.1 |
|                |        |                                                      |                                                                               | middleware.RateLimitMiddleware       |
-----------------|--------|------------------------------------------------------|-------------------------------------------------------------------------------|---------------------------------------
| 127.0.0.1:8001 | GET    | /api/runtime/v1/runs/{run_id}/evidence/{evidence_id} | SentinelOps/internal/controller/runtime.(*ControllerV1).ExpandEvidence        | middleware.CORSMiddleware            |
|                |        |                                                      |                                                                               | middleware.ResponseMiddleware        |
|                |        |                                                      |                                                                               | middleware.jwtMiddleware.1           |
|                |        |                                                      |                                                                               | middleware.AuthorizationMiddleware.1 |
|                |        |                                                      |                                                                               | middleware.RateLimitMiddleware       |
-----------------|--------|------------------------------------------------------|-------------------------------------------------------------------------------|---------------------------------------
| 127.0.0.1:8001 | POST   | /api/runtime/v1/runs/{run_id}/recovery               | SentinelOps/internal/controller/runtime.(*ControllerV1).RecoverRun            | middleware.CORSMiddleware            |
|                |        |                                                      |                                                                               | middleware.ResponseMiddleware        |
|                |        |                                                      |                                                                               | middleware.jwtMiddleware.1           |
|                |        |                                                      |                                                                               | middleware.AuthorizationMiddleware.1 |
|                |        |                                                      |                                                                               | middleware.RateLimitMiddleware       |
-----------------|--------|------------------------------------------------------|-------------------------------------------------------------------------------|---------------------------------------
| 127.0.0.1:8001 | GET    | /api/runtime/v1/runs/{run_id}/timeline               | SentinelOps/internal/controller/runtime.(*ControllerV1).GetTimeline           | middleware.CORSMiddleware            |
|                |        |                                                      |                                                                               | middleware.ResponseMiddleware        |
|                |        |                                                      |                                                                               | middleware.jwtMiddleware.1           |
|                |        |                                                      |                                                                               | middleware.AuthorizationMiddleware.1 |
|                |        |                                                      |                                                                               | middleware.RateLimitMiddleware       |
-----------------|--------|------------------------------------------------------|-------------------------------------------------------------------------------|---------------------------------------
| 127.0.0.1:8001 | GET    | /api/runtime/v1/runs/{run_id}/traces                 | SentinelOps/internal/controller/runtime.(*ControllerV1).GetTraces             | middleware.CORSMiddleware            |
|                |        |                                                      |                                                                               | middleware.ResponseMiddleware        |
|                |        |                                                      |                                                                               | middleware.jwtMiddleware.1           |
|                |        |                                                      |                                                                               | middleware.AuthorizationMiddleware.1 |
|                |        |                                                      |                                                                               | middleware.RateLimitMiddleware       |
-----------------|--------|------------------------------------------------------|-------------------------------------------------------------------------------|---------------------------------------
| 127.0.0.1:8001 | GET    | /api/runtime/v1/safety                               | SentinelOps/internal/controller/runtime.(*ControllerV1).GetSafety             | middleware.CORSMiddleware            |
|                |        |                                                      |                                                                               | middleware.ResponseMiddleware        |
|                |        |                                                      |                                                                               | middleware.jwtMiddleware.1           |
|                |        |                                                      |                                                                               | middleware.AuthorizationMiddleware.1 |
|                |        |                                                      |                                                                               | middleware.RateLimitMiddleware       |
-----------------|--------|------------------------------------------------------|-------------------------------------------------------------------------------|---------------------------------------
| 127.0.0.1:8001 | GET    | /api/runtime/v1/worker-health                        | SentinelOps/internal/controller/runtime.(*ControllerV1).GetWorkerHealth       | middleware.CORSMiddleware            |
|                |        |                                                      |                                                                               | middleware.ResponseMiddleware        |
|                |        |                                                      |                                                                               | middleware.jwtMiddleware.1           |
|                |        |                                                      |                                                                               | middleware.AuthorizationMiddleware.1 |
|                |        |                                                      |                                                                               | middleware.RateLimitMiddleware       |
-----------------|--------|------------------------------------------------------|-------------------------------------------------------------------------------|---------------------------------------
| 127.0.0.1:8001 | GET    | /api/settings/v1/general                             | SentinelOps/internal/controller/settings.(*ControllerV1).GetGeneral           | middleware.CORSMiddleware            |
|                |        |                                                      |                                                                               | middleware.ResponseMiddleware        |
|                |        |                                                      |                                                                               | middleware.jwtMiddleware.1           |
|                |        |                                                      |                                                                               | middleware.AuthorizationMiddleware.1 |
|                |        |                                                      |                                                                               | middleware.RateLimitMiddleware       |
-----------------|--------|------------------------------------------------------|-------------------------------------------------------------------------------|---------------------------------------
| 127.0.0.1:8001 | POST   | /api/settings/v1/general                             | SentinelOps/internal/controller/settings.(*ControllerV1).SaveGeneral          | middleware.CORSMiddleware            |
|                |        |                                                      |                                                                               | middleware.ResponseMiddleware        |
|                |        |                                                      |                                                                               | middleware.jwtMiddleware.1           |
|                |        |                                                      |                                                                               | middleware.AuthorizationMiddleware.1 |
|                |        |                                                      |                                                                               | middleware.RateLimitMiddleware       |
-----------------|--------|------------------------------------------------------|-------------------------------------------------------------------------------|---------------------------------------
| 127.0.0.1:8001 | GET    | /api/settings/v1/ingest_key                          | SentinelOps/internal/controller/settings.(*ControllerV1).GetIngestKey         | middleware.CORSMiddleware            |
|                |        |                                                      |                                                                               | middleware.ResponseMiddleware        |
|                |        |                                                      |                                                                               | middleware.jwtMiddleware.1           |
|                |        |                                                      |                                                                               | middleware.AuthorizationMiddleware.1 |
|                |        |                                                      |                                                                               | middleware.RateLimitMiddleware       |
-----------------|--------|------------------------------------------------------|-------------------------------------------------------------------------------|---------------------------------------
| 127.0.0.1:8001 | POST   | /api/settings/v1/ingest_key/reset                    | SentinelOps/internal/controller/settings.(*ControllerV1).ResetIngestKey       | middleware.CORSMiddleware            |
|                |        |                                                      |                                                                               | middleware.ResponseMiddleware        |
|                |        |                                                      |                                                                               | middleware.jwtMiddleware.1           |
|                |        |                                                      |                                                                               | middleware.AuthorizationMiddleware.1 |
|                |        |                                                      |                                                                               | middleware.RateLimitMiddleware       |
-----------------|--------|------------------------------------------------------|-------------------------------------------------------------------------------|---------------------------------------
| 127.0.0.1:8001 | GET    | /api/settings/v1/retention                           | SentinelOps/internal/controller/settings.(*ControllerV1).GetRetention         | middleware.CORSMiddleware            |
|                |        |                                                      |                                                                               | middleware.ResponseMiddleware        |
|                |        |                                                      |                                                                               | middleware.jwtMiddleware.1           |
|                |        |                                                      |                                                                               | middleware.AuthorizationMiddleware.1 |
|                |        |                                                      |                                                                               | middleware.RateLimitMiddleware       |
-----------------|--------|------------------------------------------------------|-------------------------------------------------------------------------------|---------------------------------------
| 127.0.0.1:8001 | POST   | /api/settings/v1/retention                           | SentinelOps/internal/controller/settings.(*ControllerV1).SaveRetention        | middleware.CORSMiddleware            |
|                |        |                                                      |                                                                               | middleware.ResponseMiddleware        |
|                |        |                                                      |                                                                               | middleware.jwtMiddleware.1           |
|                |        |                                                      |                                                                               | middleware.AuthorizationMiddleware.1 |
|                |        |                                                      |                                                                               | middleware.RateLimitMiddleware       |
-----------------|--------|------------------------------------------------------|-------------------------------------------------------------------------------|---------------------------------------
| 127.0.0.1:8001 | GET    | /api/settings/v1/retention/audit                     | SentinelOps/internal/controller/settings.(*ControllerV1).ListRetentionAudit   | middleware.CORSMiddleware            |
|                |        |                                                      |                                                                               | middleware.ResponseMiddleware        |
|                |        |                                                      |                                                                               | middleware.jwtMiddleware.1           |
|                |        |                                                      |                                                                               | middleware.AuthorizationMiddleware.1 |
|                |        |                                                      |                                                                               | middleware.RateLimitMiddleware       |
-----------------|--------|------------------------------------------------------|-------------------------------------------------------------------------------|---------------------------------------
| 127.0.0.1:8001 | GET    | /api/settings/v1/runtime-gates                       | SentinelOps/internal/controller/settings.(*ControllerV1).GetRuntimeGates      | middleware.CORSMiddleware            |
|                |        |                                                      |                                                                               | middleware.ResponseMiddleware        |
|                |        |                                                      |                                                                               | middleware.jwtMiddleware.1           |
|                |        |                                                      |                                                                               | middleware.AuthorizationMiddleware.1 |
|                |        |                                                      |                                                                               | middleware.RateLimitMiddleware       |
-----------------|--------|------------------------------------------------------|-------------------------------------------------------------------------------|---------------------------------------
| 127.0.0.1:8001 | POST   | /api/settings/v1/runtime-gates                       | SentinelOps/internal/controller/settings.(*ControllerV1).SaveRuntimeGates     | middleware.CORSMiddleware            |
|                |        |                                                      |                                                                               | middleware.ResponseMiddleware        |
|                |        |                                                      |                                                                               | middleware.jwtMiddleware.1           |
|                |        |                                                      |                                                                               | middleware.AuthorizationMiddleware.1 |
|                |        |                                                      |                                                                               | middleware.RateLimitMiddleware       |
-----------------|--------|------------------------------------------------------|-------------------------------------------------------------------------------|---------------------------------------
| 127.0.0.1:8001 | GET    | /api/settings/v1/runtime-gates/audit                 | SentinelOps/internal/controller/settings.(*ControllerV1).ListRuntimeGateAudit | middleware.CORSMiddleware            |
|                |        |                                                      |                                                                               | middleware.ResponseMiddleware        |
|                |        |                                                      |                                                                               | middleware.jwtMiddleware.1           |
|                |        |                                                      |                                                                               | middleware.AuthorizationMiddleware.1 |
|                |        |                                                      |                                                                               | middleware.RateLimitMiddleware       |
-----------------|--------|------------------------------------------------------|-------------------------------------------------------------------------------|---------------------------------------
| 127.0.0.1:8001 | POST   | /api/subscription/v1/create                          | SentinelOps/internal/controller/subscription.(*ControllerV1).Create           | middleware.CORSMiddleware            |
|                |        |                                                      |                                                                               | middleware.ResponseMiddleware        |
|                |        |                                                      |                                                                               | middleware.jwtMiddleware.1           |
|                |        |                                                      |                                                                               | middleware.AuthorizationMiddleware.1 |
|                |        |                                                      |                                                                               | middleware.RateLimitMiddleware       |
-----------------|--------|------------------------------------------------------|-------------------------------------------------------------------------------|---------------------------------------
| 127.0.0.1:8001 | POST   | /api/subscription/v1/delete                          | SentinelOps/internal/controller/subscription.(*ControllerV1).Delete           | middleware.CORSMiddleware            |
|                |        |                                                      |                                                                               | middleware.ResponseMiddleware        |
|                |        |                                                      |                                                                               | middleware.jwtMiddleware.1           |
|                |        |                                                      |                                                                               | middleware.AuthorizationMiddleware.1 |
|                |        |                                                      |                                                                               | middleware.RateLimitMiddleware       |
-----------------|--------|------------------------------------------------------|-------------------------------------------------------------------------------|---------------------------------------
| 127.0.0.1:8001 | POST   | /api/subscription/v1/fetch                           | SentinelOps/internal/controller/subscription.(*ControllerV1).Fetch            | middleware.CORSMiddleware            |
|                |        |                                                      |                                                                               | middleware.ResponseMiddleware        |
|                |        |                                                      |                                                                               | middleware.jwtMiddleware.1           |
|                |        |                                                      |                                                                               | middleware.AuthorizationMiddleware.1 |
|                |        |                                                      |                                                                               | middleware.RateLimitMiddleware       |
-----------------|--------|------------------------------------------------------|-------------------------------------------------------------------------------|---------------------------------------
| 127.0.0.1:8001 | GET    | /api/subscription/v1/fetch_stats                     | SentinelOps/internal/controller/subscription.(*ControllerV1).FetchStats       | middleware.CORSMiddleware            |
|                |        |                                                      |                                                                               | middleware.ResponseMiddleware        |
|                |        |                                                      |                                                                               | middleware.jwtMiddleware.1           |
|                |        |                                                      |                                                                               | middleware.AuthorizationMiddleware.1 |
|                |        |                                                      |                                                                               | middleware.RateLimitMiddleware       |
-----------------|--------|------------------------------------------------------|-------------------------------------------------------------------------------|---------------------------------------
| 127.0.0.1:8001 | GET    | /api/subscription/v1/list                            | SentinelOps/internal/controller/subscription.(*ControllerV1).List             | middleware.CORSMiddleware            |
|                |        |                                                      |                                                                               | middleware.ResponseMiddleware        |
|                |        |                                                      |                                                                               | middleware.jwtMiddleware.1           |
|                |        |                                                      |                                                                               | middleware.AuthorizationMiddleware.1 |
|                |        |                                                      |                                                                               | middleware.RateLimitMiddleware       |
-----------------|--------|------------------------------------------------------|-------------------------------------------------------------------------------|---------------------------------------
| 127.0.0.1:8001 | GET    | /api/subscription/v1/logs                            | SentinelOps/internal/controller/subscription.(*ControllerV1).Logs             | middleware.CORSMiddleware            |
|                |        |                                                      |                                                                               | middleware.ResponseMiddleware        |
|                |        |                                                      |                                                                               | middleware.jwtMiddleware.1           |
|                |        |                                                      |                                                                               | middleware.AuthorizationMiddleware.1 |
|                |        |                                                      |                                                                               | middleware.RateLimitMiddleware       |
-----------------|--------|------------------------------------------------------|-------------------------------------------------------------------------------|---------------------------------------
| 127.0.0.1:8001 | POST   | /api/subscription/v1/pause                           | SentinelOps/internal/controller/subscription.(*ControllerV1).Pause            | middleware.CORSMiddleware            |
|                |        |                                                      |                                                                               | middleware.ResponseMiddleware        |
|                |        |                                                      |                                                                               | middleware.jwtMiddleware.1           |
|                |        |                                                      |                                                                               | middleware.AuthorizationMiddleware.1 |
|                |        |                                                      |                                                                               | middleware.RateLimitMiddleware       |
-----------------|--------|------------------------------------------------------|-------------------------------------------------------------------------------|---------------------------------------
| 127.0.0.1:8001 | POST   | /api/subscription/v1/resume                          | SentinelOps/internal/controller/subscription.(*ControllerV1).Resume           | middleware.CORSMiddleware            |
|                |        |                                                      |                                                                               | middleware.ResponseMiddleware        |
|                |        |                                                      |                                                                               | middleware.jwtMiddleware.1           |
|                |        |                                                      |                                                                               | middleware.AuthorizationMiddleware.1 |
|                |        |                                                      |                                                                               | middleware.RateLimitMiddleware       |
-----------------|--------|------------------------------------------------------|-------------------------------------------------------------------------------|---------------------------------------
| 127.0.0.1:8001 | POST   | /api/subscription/v1/update                          | SentinelOps/internal/controller/subscription.(*ControllerV1).Update           | middleware.CORSMiddleware            |
|                |        |                                                      |                                                                               | middleware.ResponseMiddleware        |
|                |        |                                                      |                                                                               | middleware.jwtMiddleware.1           |
|                |        |                                                      |                                                                               | middleware.AuthorizationMiddleware.1 |
|                |        |                                                      |                                                                               | middleware.RateLimitMiddleware       |
-----------------|--------|------------------------------------------------------|-------------------------------------------------------------------------------|---------------------------------------
| 127.0.0.1:8001 | POST   | /api/term_mapping/v1/create                          | SentinelOps/internal/controller/term_mapping.(*ControllerV1).Create           | middleware.CORSMiddleware            |
|                |        |                                                      |                                                                               | middleware.ResponseMiddleware        |
|                |        |                                                      |                                                                               | middleware.jwtMiddleware.1           |
|                |        |                                                      |                                                                               | middleware.AuthorizationMiddleware.1 |
|                |        |                                                      |                                                                               | middleware.RateLimitMiddleware       |
-----------------|--------|------------------------------------------------------|-------------------------------------------------------------------------------|---------------------------------------
| 127.0.0.1:8001 | POST   | /api/term_mapping/v1/delete                          | SentinelOps/internal/controller/term_mapping.(*ControllerV1).Delete           | middleware.CORSMiddleware            |
|                |        |                                                      |                                                                               | middleware.ResponseMiddleware        |
|                |        |                                                      |                                                                               | middleware.jwtMiddleware.1           |
|                |        |                                                      |                                                                               | middleware.AuthorizationMiddleware.1 |
|                |        |                                                      |                                                                               | middleware.RateLimitMiddleware       |
-----------------|--------|------------------------------------------------------|-------------------------------------------------------------------------------|---------------------------------------
| 127.0.0.1:8001 | GET    | /api/term_mapping/v1/list                            | SentinelOps/internal/controller/term_mapping.(*ControllerV1).List             | middleware.CORSMiddleware            |
|                |        |                                                      |                                                                               | middleware.ResponseMiddleware        |
|                |        |                                                      |                                                                               | middleware.jwtMiddleware.1           |
|                |        |                                                      |                                                                               | middleware.AuthorizationMiddleware.1 |
|                |        |                                                      |                                                                               | middleware.RateLimitMiddleware       |
-----------------|--------|------------------------------------------------------|-------------------------------------------------------------------------------|---------------------------------------
| 127.0.0.1:8001 | POST   | /api/term_mapping/v1/reload                          | SentinelOps/internal/controller/term_mapping.(*ControllerV1).Reload           | middleware.CORSMiddleware            |
|                |        |                                                      |                                                                               | middleware.ResponseMiddleware        |
|                |        |                                                      |                                                                               | middleware.jwtMiddleware.1           |
|                |        |                                                      |                                                                               | middleware.AuthorizationMiddleware.1 |
|                |        |                                                      |                                                                               | middleware.RateLimitMiddleware       |
-----------------|--------|------------------------------------------------------|-------------------------------------------------------------------------------|---------------------------------------
| 127.0.0.1:8001 | POST   | /api/term_mapping/v1/update                          | SentinelOps/internal/controller/term_mapping.(*ControllerV1).Update           | middleware.CORSMiddleware            |
|                |        |                                                      |                                                                               | middleware.ResponseMiddleware        |
|                |        |                                                      |                                                                               | middleware.jwtMiddleware.1           |
|                |        |                                                      |                                                                               | middleware.AuthorizationMiddleware.1 |
|                |        |                                                      |                                                                               | middleware.RateLimitMiddleware       |
-----------------|--------|------------------------------------------------------|-------------------------------------------------------------------------------|---------------------------------------
| 127.0.0.1:8001 | DELETE | /api/trace/v1/batch_delete                           | SentinelOps/internal/controller/trace.(*ControllerV1).BatchDelete             | middleware.CORSMiddleware            |
|                |        |                                                      |                                                                               | middleware.ResponseMiddleware        |
|                |        |                                                      |                                                                               | middleware.jwtMiddleware.1           |
|                |        |                                                      |                                                                               | middleware.AuthorizationMiddleware.1 |
|                |        |                                                      |                                                                               | middleware.RateLimitMiddleware       |
-----------------|--------|------------------------------------------------------|-------------------------------------------------------------------------------|---------------------------------------
| 127.0.0.1:8001 | GET    | /api/trace/v1/cost/overview                          | SentinelOps/internal/controller/trace.(*ControllerV1).CostOverview            | middleware.CORSMiddleware            |
|                |        |                                                      |                                                                               | middleware.ResponseMiddleware        |
|                |        |                                                      |                                                                               | middleware.jwtMiddleware.1           |
|                |        |                                                      |                                                                               | middleware.AuthorizationMiddleware.1 |
|                |        |                                                      |                                                                               | middleware.RateLimitMiddleware       |
-----------------|--------|------------------------------------------------------|-------------------------------------------------------------------------------|---------------------------------------
| 127.0.0.1:8001 | GET    | /api/trace/v1/cost/token_trend                       | SentinelOps/internal/controller/trace.(*ControllerV1).TokenTrend              | middleware.CORSMiddleware            |
|                |        |                                                      |                                                                               | middleware.ResponseMiddleware        |
|                |        |                                                      |                                                                               | middleware.jwtMiddleware.1           |
|                |        |                                                      |                                                                               | middleware.AuthorizationMiddleware.1 |
|                |        |                                                      |                                                                               | middleware.RateLimitMiddleware       |
-----------------|--------|------------------------------------------------------|-------------------------------------------------------------------------------|---------------------------------------
| 127.0.0.1:8001 | GET    | /api/trace/v1/detail                                 | SentinelOps/internal/controller/trace.(*ControllerV1).Detail                  | middleware.CORSMiddleware            |
|                |        |                                                      |                                                                               | middleware.ResponseMiddleware        |
|                |        |                                                      |                                                                               | middleware.jwtMiddleware.1           |
|                |        |                                                      |                                                                               | middleware.AuthorizationMiddleware.1 |
|                |        |                                                      |                                                                               | middleware.RateLimitMiddleware       |
-----------------|--------|------------------------------------------------------|-------------------------------------------------------------------------------|---------------------------------------
| 127.0.0.1:8001 | GET    | /api/trace/v1/export                                 | SentinelOps/internal/controller/trace.(*ControllerV1).Export                  | middleware.CORSMiddleware            |
|                |        |                                                      |                                                                               | middleware.ResponseMiddleware        |
|                |        |                                                      |                                                                               | middleware.jwtMiddleware.1           |
|                |        |                                                      |                                                                               | middleware.AuthorizationMiddleware.1 |
|                |        |                                                      |                                                                               | middleware.RateLimitMiddleware       |
-----------------|--------|------------------------------------------------------|-------------------------------------------------------------------------------|---------------------------------------
| 127.0.0.1:8001 | GET    | /api/trace/v1/export_session_snapshot                | SentinelOps/internal/controller/trace.(*ControllerV1).ExportSessionSnapshot   | middleware.CORSMiddleware            |
|                |        |                                                      |                                                                               | middleware.ResponseMiddleware        |
|                |        |                                                      |                                                                               | middleware.jwtMiddleware.1           |
|                |        |                                                      |                                                                               | middleware.AuthorizationMiddleware.1 |
|                |        |                                                      |                                                                               | middleware.RateLimitMiddleware       |
-----------------|--------|------------------------------------------------------|-------------------------------------------------------------------------------|---------------------------------------
| 127.0.0.1:8001 | GET    | /api/trace/v1/list                                   | SentinelOps/internal/controller/trace.(*ControllerV1).List                    | middleware.CORSMiddleware            |
|                |        |                                                      |                                                                               | middleware.ResponseMiddleware        |
|                |        |                                                      |                                                                               | middleware.jwtMiddleware.1           |
|                |        |                                                      |                                                                               | middleware.AuthorizationMiddleware.1 |
|                |        |                                                      |                                                                               | middleware.RateLimitMiddleware       |
-----------------|--------|------------------------------------------------------|-------------------------------------------------------------------------------|---------------------------------------
| 127.0.0.1:8001 | GET    | /api/trace/v1/session_timeline                       | SentinelOps/internal/controller/trace.(*ControllerV1).SessionTimeline         | middleware.CORSMiddleware            |
|                |        |                                                      |                                                                               | middleware.ResponseMiddleware        |
|                |        |                                                      |                                                                               | middleware.jwtMiddleware.1           |
|                |        |                                                      |                                                                               | middleware.AuthorizationMiddleware.1 |
|                |        |                                                      |                                                                               | middleware.RateLimitMiddleware       |
-----------------|--------|------------------------------------------------------|-------------------------------------------------------------------------------|---------------------------------------
| 127.0.0.1:8001 | GET    | /api/trace/v1/stats                                  | SentinelOps/internal/controller/trace.(*ControllerV1).Stats                   | middleware.CORSMiddleware            |
|                |        |                                                      |                                                                               | middleware.ResponseMiddleware        |
|                |        |                                                      |                                                                               | middleware.jwtMiddleware.1           |
|                |        |                                                      |                                                                               | middleware.AuthorizationMiddleware.1 |
|                |        |                                                      |                                                                               | middleware.RateLimitMiddleware       |
-----------------|--------|------------------------------------------------------|-------------------------------------------------------------------------------|---------------------------------------
| 127.0.0.1:8001 | POST   | /api/upload                                          | SentinelOps/internal/controller/chat.(*ControllerV1).FileUpload               | middleware.CORSMiddleware            |
|                |        |                                                      |                                                                               | middleware.ResponseMiddleware        |
|                |        |                                                      |                                                                               | middleware.jwtMiddleware.1           |
|                |        |                                                      |                                                                               | middleware.AuthorizationMiddleware.1 |
|                |        |                                                      |                                                                               | middleware.RateLimitMiddleware       |
-----------------|--------|------------------------------------------------------|-------------------------------------------------------------------------------|---------------------------------------
| 127.0.0.1:8001 | ALL    | /swagger/*                                           | github.com/gogf/gf/v2/net/ghttp.(*Server).swaggerUI                           | HOOK_BEFORE_SERVE                    |
-----------------|--------|------------------------------------------------------|-------------------------------------------------------------------------------|---------------------------------------


2026/09/12 12:14:42 /home/monody/project/SentinelOps/internal/service/runtime/service.go:381 context canceled
[0.765ms] [rows:0] SELECT * FROM `workflow_checkpoints` WHERE run_id = 'c58a18f1-b7a6-422b-9f18-bc166af0bb10' AND `workflow_checkpoints`.`deleted_at` IS NULL ORDER BY committed_at DESC, created_at DESC,`workflow_checkpoints`.`id` LIMIT 1

2026/09/12 12:14:42 /home/monody/project/SentinelOps/internal/service/runtime/service.go:382 context canceled
[0.016ms] [rows:0] SELECT * FROM `session_state_revisions` WHERE session_id = 'phase-f-browser-cb29f8a7-b21f-4c27-9c06-68d5771a256b' AND `session_state_revisions`.`deleted_at` IS NULL ORDER BY revision DESC,`session_state_revisions`.`id` LIMIT 1

2026/09/12 12:14:42 /home/monody/project/SentinelOps/internal/service/runtime/service.go:384 context canceled
[0.006ms] [rows:0] SELECT * FROM `runtime_worker_snapshots` WHERE worker_id = 'phase-f-host-worker' ORDER BY `runtime_worker_snapshots`.`worker_id` LIMIT 1

2026/09/12 12:14:42 /home/monody/project/SentinelOps/internal/service/runtime/service.go:387 context canceled
[0.002ms] [rows:0] SELECT * FROM `runtime_worker_snapshots` WHERE worker_id = 'phase-f-host-worker' ORDER BY `runtime_worker_snapshots`.`worker_id` LIMIT 1

2026/09/12 12:14:42 /home/monody/project/SentinelOps/internal/dao/mysql/setting.go:75 context canceled
[0.012ms] [rows:0] SELECT * FROM `settings` WHERE `key` IN ('agent_runtime.enabled','agent_runtime.accept_new_runs','agent_runtime.shadow_mode','agent_runtime.l1_writes','agent_runtime.l2_writes','agent_runtime.admin_query_database_debug','mcp.enabled','skill.enabled','langfuse.enabled')

2026/09/12 12:14:42 /home/monody/project/SentinelOps/internal/dao/mysql/runtime_query.go:252 context canceled
[1.309ms] [rows:0] SELECT id, workflow_key, user_id, session_id, parent_run_id, active_session_key, status, available_at, priority, runtime_mode, attempt, max_attempts, lease_owner, lease_until, lease_generation, heartbeat_at, immutable_input_json, query_text, context_snapshot_json, session_revision, checkpoint_id, interrupt_address, recovery_mode, runtime_version, runtime_compatibility_hash, agent_revision, model_snapshot, tool_snapshot, mcp_catalog_hash, skill_snapshot, prompt_hash, policy_hash, config_hash, feature_snapshot, budget_limits_json, budget_usage_json, budget_reservations_json, usage_quality, trace_quality, last_event_seq, cancel_requested_at, park_reason, input_payload, output_payload, error_message, started_at, finished_at, duration_ms, created_at, updated_at, deleted_at, CASE WHEN immutable_input_json IS NULL OR immutable_input_json = '' THEN '' WHEN JSON_VALID(immutable_input_json) THEN COALESCE(JSON_UNQUOTE(JSON_EXTRACT(immutable_input_json, '$.agent')), '') ELSE '' END AS runtime_agent, CASE WHEN immutable_input_json IS NULL OR immutable_input_json = '' THEN 'missing' WHEN JSON_VALID(immutable_input_json) THEN 'complete' ELSE 'partial' END AS runtime_agent_quality, CASE WHEN query_text IS NULL OR query_text = '' THEN '' ELSE SHA2(query_text, 256) END AS query_hash FROM `workflow_runs` WHERE id = 'c58a18f1-b7a6-422b-9f18-bc166af0bb10' AND runtime_mode = 'durable_v1' AND `workflow_runs`.`deleted_at` IS NULL ORDER BY `workflow_runs`.`id` LIMIT 1
2026-09-12T12:14:42.817+08:00 {98a72369a077d4189dec4a7778d4420a} 500 "GET http localhost:8001 /api/runtime/v1/runs/c58a18f1-b7a6-422b-9f18-bc166af0bb10 HTTP/1.1" 1885.013, 127.0.0.1, "http://127.0.0.1:5174/runtime/runs/c58a18f1-b7a6-422b-9f18-bc166af0bb10", "Mozilla/5.0 (Windows NT 10.0; Win64; x64) AppleWebKit/537.36 (KHTML, like Gecko) Chrome/151.0.7922.34 Safari/537.36", -1, "", ""
Stack:
RUNTIME_INTERNAL: internal runtime failure

2026/09/12 12:14:43 /home/monody/project/SentinelOps/internal/dao/mysql/runtime_query.go:252 context canceled
[0.043ms] [rows:0] SELECT id, workflow_key, user_id, session_id, parent_run_id, active_session_key, status, available_at, priority, runtime_mode, attempt, max_attempts, lease_owner, lease_until, lease_generation, heartbeat_at, immutable_input_json, query_text, context_snapshot_json, session_revision, checkpoint_id, interrupt_address, recovery_mode, runtime_version, runtime_compatibility_hash, agent_revision, model_snapshot, tool_snapshot, mcp_catalog_hash, skill_snapshot, prompt_hash, policy_hash, config_hash, feature_snapshot, budget_limits_json, budget_usage_json, budget_reservations_json, usage_quality, trace_quality, last_event_seq, cancel_requested_at, park_reason, input_payload, output_payload, error_message, started_at, finished_at, duration_ms, created_at, updated_at, deleted_at, CASE WHEN immutable_input_json IS NULL OR immutable_input_json = '' THEN '' WHEN JSON_VALID(immutable_input_json) THEN COALESCE(JSON_UNQUOTE(JSON_EXTRACT(immutable_input_json, '$.agent')), '') ELSE '' END AS runtime_agent, CASE WHEN immutable_input_json IS NULL OR immutable_input_json = '' THEN 'missing' WHEN JSON_VALID(immutable_input_json) THEN 'complete' ELSE 'partial' END AS runtime_agent_quality, CASE WHEN query_text IS NULL OR query_text = '' THEN '' ELSE SHA2(query_text, 256) END AS query_hash FROM `workflow_runs` WHERE id = 'c58a18f1-b7a6-422b-9f18-bc166af0bb10' AND runtime_mode = 'durable_v1' AND `workflow_runs`.`deleted_at` IS NULL ORDER BY `workflow_runs`.`id` LIMIT 1
2026-09-12T12:14:43.010+08:00 {d47cbb74a077d418a1ec4a774d466485} 500 "GET http localhost:8001 /api/runtime/v1/runs/c58a18f1-b7a6-422b-9f18-bc166af0bb10 HTTP/1.1" 388.556, 127.0.0.1, "http://127.0.0.1:5174/runtime/runs/c58a18f1-b7a6-422b-9f18-bc166af0bb10", "Mozilla/5.0 (Windows NT 10.0; Win64; x64) AppleWebKit/537.36 (KHTML, like Gecko) Chrome/151.0.7922.34 Safari/537.36", -1, "", ""
Stack:
RUNTIME_INTERNAL: internal runtime failure

2026/09/12 12:14:43 /home/monody/project/SentinelOps/internal/dao/mysql/setting.go:75 context canceled
[0.245ms] [rows:0] SELECT * FROM `settings` WHERE `key` IN ('agent_runtime.enabled','agent_runtime.accept_new_runs','agent_runtime.shadow_mode','agent_runtime.l1_writes','agent_runtime.l2_writes','agent_runtime.admin_query_database_debug','mcp.enabled','skill.enabled','langfuse.enabled')

2026/09/12 12:14:44 /home/monody/project/SentinelOps/internal/dao/mysql/runtime_query.go:252 context canceled
[1.140ms] [rows:0] SELECT id, workflow_key, user_id, session_id, parent_run_id, active_session_key, status, available_at, priority, runtime_mode, attempt, max_attempts, lease_owner, lease_until, lease_generation, heartbeat_at, immutable_input_json, query_text, context_snapshot_json, session_revision, checkpoint_id, interrupt_address, recovery_mode, runtime_version, runtime_compatibility_hash, agent_revision, model_snapshot, tool_snapshot, mcp_catalog_hash, skill_snapshot, prompt_hash, policy_hash, config_hash, feature_snapshot, budget_limits_json, budget_usage_json, budget_reservations_json, usage_quality, trace_quality, last_event_seq, cancel_requested_at, park_reason, input_payload, output_payload, error_message, started_at, finished_at, duration_ms, created_at, updated_at, deleted_at, CASE WHEN immutable_input_json IS NULL OR immutable_input_json = '' THEN '' WHEN JSON_VALID(immutable_input_json) THEN COALESCE(JSON_UNQUOTE(JSON_EXTRACT(immutable_input_json, '$.agent')), '') ELSE '' END AS runtime_agent, CASE WHEN immutable_input_json IS NULL OR immutable_input_json = '' THEN 'missing' WHEN JSON_VALID(immutable_input_json) THEN 'complete' ELSE 'partial' END AS runtime_agent_quality, CASE WHEN query_text IS NULL OR query_text = '' THEN '' ELSE SHA2(query_text, 256) END AS query_hash FROM `workflow_runs` WHERE id = 'c58a18f1-b7a6-422b-9f18-bc166af0bb10' AND runtime_mode = 'durable_v1' AND `workflow_runs`.`deleted_at` IS NULL ORDER BY `workflow_runs`.`id` LIMIT 1
2026-09-12T12:14:44.661+08:00 {bf7319d7a077d418b0ec4a77cf0cd1f5} 500 "GET http localhost:8001 /api/runtime/v1/runs/c58a18f1-b7a6-422b-9f18-bc166af0bb10 HTTP/1.1" 1481.510, 127.0.0.1, "http://127.0.0.1:5174/runtime/runs/c58a18f1-b7a6-422b-9f18-bc166af0bb10", "Mozilla/5.0 (Windows NT 10.0; Win64; x64) AppleWebKit/537.36 (KHTML, like Gecko) Chrome/151.0.7922.34 Safari/537.36", -1, "", ""
Stack:
RUNTIME_INTERNAL: internal runtime failure

2026/09/12 12:14:45 /home/monody/project/SentinelOps/internal/service/runtime/service.go:379 context canceled
[0.392ms] [rows:0] SELECT * FROM `workflow_attempts` WHERE run_id = 'c58a18f1-b7a6-422b-9f18-bc166af0bb10' ORDER BY attempt DESC,`workflow_attempts`.`id` LIMIT 1

2026/09/12 12:14:45 /home/monody/project/SentinelOps/internal/service/runtime/service.go:380 context canceled
[0.014ms] [rows:0] SELECT * FROM `workflow_events` WHERE run_id = 'c58a18f1-b7a6-422b-9f18-bc166af0bb10' ORDER BY seq DESC,`workflow_events`.`id` LIMIT 1

2026/09/12 12:14:45 /home/monody/project/SentinelOps/internal/service/runtime/service.go:381 context canceled
[0.008ms] [rows:0] SELECT * FROM `workflow_checkpoints` WHERE run_id = 'c58a18f1-b7a6-422b-9f18-bc166af0bb10' AND `workflow_checkpoints`.`deleted_at` IS NULL ORDER BY committed_at DESC, created_at DESC,`workflow_checkpoints`.`id` LIMIT 1

2026/09/12 12:14:45 /home/monody/project/SentinelOps/internal/service/runtime/service.go:382 context canceled
[0.005ms] [rows:0] SELECT * FROM `session_state_revisions` WHERE session_id = 'phase-f-browser-cb29f8a7-b21f-4c27-9c06-68d5771a256b' AND `session_state_revisions`.`deleted_at` IS NULL ORDER BY revision DESC,`session_state_revisions`.`id` LIMIT 1

2026/09/12 12:14:45 /home/monody/project/SentinelOps/internal/service/runtime/service.go:384 context canceled
[0.004ms] [rows:0] SELECT * FROM `runtime_worker_snapshots` WHERE worker_id = 'phase-f-host-worker' ORDER BY `runtime_worker_snapshots`.`worker_id` LIMIT 1

2026/09/12 12:14:45 /home/monody/project/SentinelOps/internal/dao/mysql/setting.go:75 context canceled
[0.005ms] [rows:0] SELECT * FROM `settings` WHERE `key` IN ('agent_runtime.enabled','agent_runtime.accept_new_runs','agent_runtime.shadow_mode','agent_runtime.l1_writes','agent_runtime.l2_writes','agent_runtime.admin_query_database_debug','mcp.enabled','skill.enabled','langfuse.enabled')

2026/09/12 12:14:45 /home/monody/project/SentinelOps/internal/dao/mysql/setting.go:75 context canceled
[0.917ms] [rows:0] SELECT * FROM `settings` WHERE `key` IN ('agent_runtime.enabled','agent_runtime.accept_new_runs','agent_runtime.shadow_mode','agent_runtime.l1_writes','agent_runtime.l2_writes','agent_runtime.admin_query_database_debug','mcp.enabled','skill.enabled','langfuse.enabled')

2026/09/12 12:14:48 /home/monody/project/SentinelOps/internal/dao/mysql/runtime_query.go:252 context canceled
[0.038ms] [rows:0] SELECT id, workflow_key, user_id, session_id, parent_run_id, active_session_key, status, available_at, priority, runtime_mode, attempt, max_attempts, lease_owner, lease_until, lease_generation, heartbeat_at, immutable_input_json, query_text, context_snapshot_json, session_revision, checkpoint_id, interrupt_address, recovery_mode, runtime_version, runtime_compatibility_hash, agent_revision, model_snapshot, tool_snapshot, mcp_catalog_hash, skill_snapshot, prompt_hash, policy_hash, config_hash, feature_snapshot, budget_limits_json, budget_usage_json, budget_reservations_json, usage_quality, trace_quality, last_event_seq, cancel_requested_at, park_reason, input_payload, output_payload, error_message, started_at, finished_at, duration_ms, created_at, updated_at, deleted_at, CASE WHEN immutable_input_json IS NULL OR immutable_input_json = '' THEN '' WHEN JSON_VALID(immutable_input_json) THEN COALESCE(JSON_UNQUOTE(JSON_EXTRACT(immutable_input_json, '$.agent')), '') ELSE '' END AS runtime_agent, CASE WHEN immutable_input_json IS NULL OR immutable_input_json = '' THEN 'missing' WHEN JSON_VALID(immutable_input_json) THEN 'complete' ELSE 'partial' END AS runtime_agent_quality, CASE WHEN query_text IS NULL OR query_text = '' THEN '' ELSE SHA2(query_text, 256) END AS query_hash FROM `workflow_runs` WHERE id = 'c58a18f1-b7a6-422b-9f18-bc166af0bb10' AND runtime_mode = 'durable_v1' AND `workflow_runs`.`deleted_at` IS NULL ORDER BY `workflow_runs`.`id` LIMIT 1
2026-09-12T12:14:48.156+08:00 {e2417aa7a177d418c2ec4a775b6d5fa5} 500 "GET http localhost:8001 /api/runtime/v1/runs/c58a18f1-b7a6-422b-9f18-bc166af0bb10 HTTP/1.1" 415.226, 127.0.0.1, "http://127.0.0.1:5174/runtime/runs/c58a18f1-b7a6-422b-9f18-bc166af0bb10", "Mozilla/5.0 (Windows NT 10.0; Win64; x64) AppleWebKit/537.36 (KHTML, like Gecko) Chrome/151.0.7922.34 Safari/537.36", -1, "", ""
Stack:
RUNTIME_INTERNAL: internal runtime failure

2026/09/12 12:15:03 /home/monody/project/SentinelOps/internal/dao/mysql/runtime_query.go:252 context canceled
[0.729ms] [rows:0] SELECT id, workflow_key, user_id, session_id, parent_run_id, active_session_key, status, available_at, priority, runtime_mode, attempt, max_attempts, lease_owner, lease_until, lease_generation, heartbeat_at, immutable_input_json, query_text, context_snapshot_json, session_revision, checkpoint_id, interrupt_address, recovery_mode, runtime_version, runtime_compatibility_hash, agent_revision, model_snapshot, tool_snapshot, mcp_catalog_hash, skill_snapshot, prompt_hash, policy_hash, config_hash, feature_snapshot, budget_limits_json, budget_usage_json, budget_reservations_json, usage_quality, trace_quality, last_event_seq, cancel_requested_at, park_reason, input_payload, output_payload, error_message, started_at, finished_at, duration_ms, created_at, updated_at, deleted_at, CASE WHEN immutable_input_json IS NULL OR immutable_input_json = '' THEN '' WHEN JSON_VALID(immutable_input_json) THEN COALESCE(JSON_UNQUOTE(JSON_EXTRACT(immutable_input_json, '$.agent')), '') ELSE '' END AS runtime_agent, CASE WHEN immutable_input_json IS NULL OR immutable_input_json = '' THEN 'missing' WHEN JSON_VALID(immutable_input_json) THEN 'complete' ELSE 'partial' END AS runtime_agent_quality, CASE WHEN query_text IS NULL OR query_text = '' THEN '' ELSE SHA2(query_text, 256) END AS query_hash FROM `workflow_runs` WHERE id = 'd4a8cf98-35d0-4b79-b157-ff446fbee416' AND runtime_mode = 'durable_v1' AND `workflow_runs`.`deleted_at` IS NULL ORDER BY `workflow_runs`.`id` LIMIT 1
2026-09-12T12:15:03.275+08:00 {4f5d9f2ca577d41807ed4a77fcef2de6} 500 "GET http localhost:8001 /api/runtime/v1/runs/d4a8cf98-35d0-4b79-b157-ff446fbee416 HTTP/1.1" 1066.058, 127.0.0.1, "http://127.0.0.1:5174/runtime/runs/d4a8cf98-35d0-4b79-b157-ff446fbee416", "Mozilla/5.0 (Windows NT 10.0; Win64; x64) AppleWebKit/537.36 (KHTML, like Gecko) Chrome/151.0.7922.34 Safari/537.36", -1, "", ""
Stack:
RUNTIME_INTERNAL: internal runtime failure

2026/09/12 12:15:04 /home/monody/project/SentinelOps/internal/dao/mysql/runtime_query.go:252 context canceled
[0.913ms] [rows:0] SELECT id, workflow_key, user_id, session_id, parent_run_id, active_session_key, status, available_at, priority, runtime_mode, attempt, max_attempts, lease_owner, lease_until, lease_generation, heartbeat_at, immutable_input_json, query_text, context_snapshot_json, session_revision, checkpoint_id, interrupt_address, recovery_mode, runtime_version, runtime_compatibility_hash, agent_revision, model_snapshot, tool_snapshot, mcp_catalog_hash, skill_snapshot, prompt_hash, policy_hash, config_hash, feature_snapshot, budget_limits_json, budget_usage_json, budget_reservations_json, usage_quality, trace_quality, last_event_seq, cancel_requested_at, park_reason, input_payload, output_payload, error_message, started_at, finished_at, duration_ms, created_at, updated_at, deleted_at, CASE WHEN immutable_input_json IS NULL OR immutable_input_json = '' THEN '' WHEN JSON_VALID(immutable_input_json) THEN COALESCE(JSON_UNQUOTE(JSON_EXTRACT(immutable_input_json, '$.agent')), '') ELSE '' END AS runtime_agent, CASE WHEN immutable_input_json IS NULL OR immutable_input_json = '' THEN 'missing' WHEN JSON_VALID(immutable_input_json) THEN 'complete' ELSE 'partial' END AS runtime_agent_quality, CASE WHEN query_text IS NULL OR query_text = '' THEN '' ELSE SHA2(query_text, 256) END AS query_hash FROM `workflow_runs` WHERE id = 'd4a8cf98-35d0-4b79-b157-ff446fbee416' AND runtime_mode = 'durable_v1' AND `workflow_runs`.`deleted_at` IS NULL ORDER BY `workflow_runs`.`id` LIMIT 1
2026-09-12T12:15:04.715+08:00 {60036a82a577d4180fed4a7760d73529} 500 "GET http localhost:8001 /api/runtime/v1/runs/d4a8cf98-35d0-4b79-b157-ff446fbee416 HTTP/1.1" 1258.664, 127.0.0.1, "http://127.0.0.1:5174/runtime/runs/d4a8cf98-35d0-4b79-b157-ff446fbee416", "Mozilla/5.0 (Windows NT 10.0; Win64; x64) AppleWebKit/537.36 (KHTML, like Gecko) Chrome/151.0.7922.34 Safari/537.36", -1, "", ""
Stack:
RUNTIME_INTERNAL: internal runtime failure

2026/09/12 12:15:05 /home/monody/project/SentinelOps/internal/dao/mysql/runtime_query.go:252 context canceled
[1.175ms] [rows:0] SELECT id, workflow_key, user_id, session_id, parent_run_id, active_session_key, status, available_at, priority, runtime_mode, attempt, max_attempts, lease_owner, lease_until, lease_generation, heartbeat_at, immutable_input_json, query_text, context_snapshot_json, session_revision, checkpoint_id, interrupt_address, recovery_mode, runtime_version, runtime_compatibility_hash, agent_revision, model_snapshot, tool_snapshot, mcp_catalog_hash, skill_snapshot, prompt_hash, policy_hash, config_hash, feature_snapshot, budget_limits_json, budget_usage_json, budget_reservations_json, usage_quality, trace_quality, last_event_seq, cancel_requested_at, park_reason, input_payload, output_payload, error_message, started_at, finished_at, duration_ms, created_at, updated_at, deleted_at, CASE WHEN immutable_input_json IS NULL OR immutable_input_json = '' THEN '' WHEN JSON_VALID(immutable_input_json) THEN COALESCE(JSON_UNQUOTE(JSON_EXTRACT(immutable_input_json, '$.agent')), '') ELSE '' END AS runtime_agent, CASE WHEN immutable_input_json IS NULL OR immutable_input_json = '' THEN 'missing' WHEN JSON_VALID(immutable_input_json) THEN 'complete' ELSE 'partial' END AS runtime_agent_quality, CASE WHEN query_text IS NULL OR query_text = '' THEN '' ELSE SHA2(query_text, 256) END AS query_hash FROM `workflow_runs` WHERE id = 'd4a8cf98-35d0-4b79-b157-ff446fbee416' AND runtime_mode = 'durable_v1' AND `workflow_runs`.`deleted_at` IS NULL ORDER BY `workflow_runs`.`id` LIMIT 1
2026-09-12T12:15:05.747+08:00 {3650efbfa577d41817ed4a775b9ea1c3} 500 "GET http localhost:8001 /api/runtime/v1/runs/d4a8cf98-35d0-4b79-b157-ff446fbee416 HTTP/1.1" 1521.774, 127.0.0.1, "http://127.0.0.1:5174/runtime/runs/d4a8cf98-35d0-4b79-b157-ff446fbee416", "Mozilla/5.0 (Windows NT 10.0; Win64; x64) AppleWebKit/537.36 (KHTML, like Gecko) Chrome/151.0.7922.34 Safari/537.36", -1, "", ""
Stack:
RUNTIME_INTERNAL: internal runtime failure

2026/09/12 12:15:06 /home/monody/project/SentinelOps/internal/dao/mysql/runtime_query.go:252 context canceled
[2.706ms] [rows:1] SELECT id, workflow_key, user_id, session_id, parent_run_id, active_session_key, status, available_at, priority, runtime_mode, attempt, max_attempts, lease_owner, lease_until, lease_generation, heartbeat_at, immutable_input_json, query_text, context_snapshot_json, session_revision, checkpoint_id, interrupt_address, recovery_mode, runtime_version, runtime_compatibility_hash, agent_revision, model_snapshot, tool_snapshot, mcp_catalog_hash, skill_snapshot, prompt_hash, policy_hash, config_hash, feature_snapshot, budget_limits_json, budget_usage_json, budget_reservations_json, usage_quality, trace_quality, last_event_seq, cancel_requested_at, park_reason, input_payload, output_payload, error_message, started_at, finished_at, duration_ms, created_at, updated_at, deleted_at, CASE WHEN immutable_input_json IS NULL OR immutable_input_json = '' THEN '' WHEN JSON_VALID(immutable_input_json) THEN COALESCE(JSON_UNQUOTE(JSON_EXTRACT(immutable_input_json, '$.agent')), '') ELSE '' END AS runtime_agent, CASE WHEN immutable_input_json IS NULL OR immutable_input_json = '' THEN 'missing' WHEN JSON_VALID(immutable_input_json) THEN 'complete' ELSE 'partial' END AS runtime_agent_quality, CASE WHEN query_text IS NULL OR query_text = '' THEN '' ELSE SHA2(query_text, 256) END AS query_hash FROM `workflow_runs` WHERE id = 'd4a8cf98-35d0-4b79-b157-ff446fbee416' AND runtime_mode = 'durable_v1' AND `workflow_runs`.`deleted_at` IS NULL ORDER BY `workflow_runs`.`id` LIMIT 1
2026-09-12T12:15:06.367+08:00 {2fc9cbe4a577d4181ced4a77c439cee4} 500 "GET http localhost:8001 /api/runtime/v1/runs/d4a8cf98-35d0-4b79-b157-ff446fbee416 HTTP/1.1" 3098.427, 127.0.0.1, "http://127.0.0.1:5174/runtime/runs/d4a8cf98-35d0-4b79-b157-ff446fbee416", "Mozilla/5.0 (Windows NT 10.0; Win64; x64) AppleWebKit/537.36 (KHTML, like Gecko) Chrome/151.0.7922.34 Safari/537.36", -1, "", ""
Stack:
RUNTIME_INTERNAL: internal runtime failure

2026/09/12 12:15:06 /home/monody/project/SentinelOps/internal/dao/mysql/runtime_query.go:252 context canceled
[0.481ms] [rows:0] SELECT id, workflow_key, user_id, session_id, parent_run_id, active_session_key, status, available_at, priority, runtime_mode, attempt, max_attempts, lease_owner, lease_until, lease_generation, heartbeat_at, immutable_input_json, query_text, context_snapshot_json, session_revision, checkpoint_id, interrupt_address, recovery_mode, runtime_version, runtime_compatibility_hash, agent_revision, model_snapshot, tool_snapshot, mcp_catalog_hash, skill_snapshot, prompt_hash, policy_hash, config_hash, feature_snapshot, budget_limits_json, budget_usage_json, budget_reservations_json, usage_quality, trace_quality, last_event_seq, cancel_requested_at, park_reason, input_payload, output_payload, error_message, started_at, finished_at, duration_ms, created_at, updated_at, deleted_at, CASE WHEN immutable_input_json IS NULL OR immutable_input_json = '' THEN '' WHEN JSON_VALID(immutable_input_json) THEN COALESCE(JSON_UNQUOTE(JSON_EXTRACT(immutable_input_json, '$.agent')), '') ELSE '' END AS runtime_agent, CASE WHEN immutable_input_json IS NULL OR immutable_input_json = '' THEN 'missing' WHEN JSON_VALID(immutable_input_json) THEN 'complete' ELSE 'partial' END AS runtime_agent_quality, CASE WHEN query_text IS NULL OR query_text = '' THEN '' ELSE SHA2(query_text, 256) END AS query_hash FROM `workflow_runs` WHERE id = 'd4a8cf98-35d0-4b79-b157-ff446fbee416' AND runtime_mode = 'durable_v1' AND `workflow_runs`.`deleted_at` IS NULL ORDER BY `workflow_runs`.`id` LIMIT 1
2026-09-12T12:15:06.986+08:00 {110ed009a677d41824ed4a77a2085e65} 500 "GET http localhost:8001 /api/runtime/v1/runs/d4a8cf98-35d0-4b79-b157-ff446fbee416 HTTP/1.1" 856.072, 127.0.0.1, "http://127.0.0.1:5174/runtime/runs/d4a8cf98-35d0-4b79-b157-ff446fbee416", "Mozilla/5.0 (Windows NT 10.0; Win64; x64) AppleWebKit/537.36 (KHTML, like Gecko) Chrome/151.0.7922.34 Safari/537.36", -1, "", ""
Stack:
RUNTIME_INTERNAL: internal runtime failure

2026/09/12 12:15:07 /home/monody/project/SentinelOps/internal/service/runtime/service.go:384 context canceled
[1.526ms] [rows:0] SELECT * FROM `runtime_worker_snapshots` WHERE worker_id = 'phase-f-host-worker' ORDER BY `runtime_worker_snapshots`.`worker_id` LIMIT 1

2026/09/12 12:15:07 /home/monody/project/SentinelOps/internal/service/runtime/service.go:387 context canceled
[0.014ms] [rows:0] SELECT * FROM `runtime_worker_snapshots` WHERE worker_id = 'phase-f-host-worker' ORDER BY `runtime_worker_snapshots`.`worker_id` LIMIT 1

2026/09/12 12:15:07 /home/monody/project/SentinelOps/internal/dao/mysql/setting.go:75 context canceled
[0.006ms] [rows:0] SELECT * FROM `settings` WHERE `key` IN ('agent_runtime.enabled','agent_runtime.accept_new_runs','agent_runtime.shadow_mode','agent_runtime.l1_writes','agent_runtime.l2_writes','agent_runtime.admin_query_database_debug','mcp.enabled','skill.enabled','langfuse.enabled')

2026/09/12 12:15:13 /home/monody/project/SentinelOps/internal/service/runtime/timeline.go:63 context canceled
[0.219ms] [rows:0] SELECT * FROM `workflow_events` WHERE run_id = 'd4a8cf98-35d0-4b79-b157-ff446fbee416' ORDER BY seq DESC
2026-09-12T12:15:13.553+08:00 {272bff90a777d41835ed4a779ae9327b} 500 "GET http localhost:8001 /api/runtime/v1/runs/d4a8cf98-35d0-4b79-b157-ff446fbee416/timeline?page=1&page_size=50 HTTP/1.1" 4426.655, 127.0.0.1, "http://127.0.0.1:5174/runtime/runs/d4a8cf98-35d0-4b79-b157-ff446fbee416", "Mozilla/5.0 (Windows NT 10.0; Win64; x64) AppleWebKit/537.36 (KHTML, like Gecko) Chrome/151.0.7922.34 Safari/537.36", -1, "", ""
Stack:
RUNTIME_INTERNAL: internal runtime failure
2026-09-12T12:18:37.850+08:00 57165: server gracefully shutting down by signal: terminated
2026-09-12T12:18:37.850+08:00 [INFO] pid[57165]: all servers shutdown
